country_id,region_id,code,name,department,province,district
1,01,010101,CHACHAPOYAS,AMAZONAS,CHACHAPOYAS,CHACHAPOYAS
1,01,010102,ASUNCION,AMAZONAS,CHACHAPOYAS,ASUNCION
1,01,010103,BALSAS,AMAZONAS,CHACHAPOYAS,BALSAS
1,01,010104,CHETO,AMAZONAS,CHACHAPOYAS,CHETO
1,01,010105,CHILIQUIN,AMAZONAS,CHACHAPOYAS,CHILIQUIN
1,01,010106,CHUQUIBAMBA,AMAZONAS,CHACHAPOYAS,CHUQUIBAMBA
1,01,010107,GRANADA,AMAZONAS,CHACHAPOYAS,GRANADA
1,01,010108,HUANCAS,AMAZONAS,CHACHAPOYAS,HUANCAS
1,01,010109,LA JALCA,AMAZONAS,CHACHAPOYAS,LA JALCA
1,01,010110,LEIMEBAMBA,AMAZONAS,CHACHAPOYAS,LEIMEBAMBA
1,01,010111,LEVANTO,AMAZONAS,CHACHAPOYAS,LEVANTO
1,01,010112,MAGDALENA,AMAZONAS,CHACHAPOYAS,MAGDALENA
1,01,010113,MARISCAL CASTILLA,AMAZONAS,CHACHAPOYAS,MARISCAL CASTILLA
1,01,010114,MOLINOPAMPA,AMAZONAS,CHACHAPOYAS,MOLINOPAMPA
1,01,010115,MONTEVIDEO,AMAZONAS,CHACHAPOYAS,MONTEVIDEO
1,01,010116,OLLEROS,AMAZONAS,CHACHAPOYAS,OLLEROS
1,01,010117,QUINJALCA,AMAZONAS,CHACHAPOYAS,QUINJALCA
1,01,010118,SAN FRANCISCO DE DAGUAS,AMAZONAS,CHACHAPOYAS,SAN FRANCISCO DE DAGUAS
1,01,010119,SAN ISIDRO DE MAINO,AMAZONAS,CHACHAPOYAS,SAN ISIDRO DE MAINO
1,01,010120,SOLOCO,AMAZONAS,CHACHAPOYAS,SOLOCO
1,01,010121,SONCHE,AMAZONAS,CHACHAPOYAS,SONCHE
1,01,010201,LA PECA,AMAZONAS,BAGUA,LA PECA
1,01,010202,ARAMANGO,AMAZONAS,BAGUA,ARAMANGO
1,01,010203,COPALLIN,AMAZONAS,BAGUA,COPALLIN
1,01,010204,EL PARCO,AMAZONAS,BAGUA,EL PARCO
1,01,010205,BAGUA,AMAZONAS,BAGUA,BAGUA
1,01,010206,IMAZA,AMAZONAS,BAGUA,IMAZA
1,01,010301,JUMBILLA,AMAZONAS,BONGARA,JUMBILLA
1,01,010302,COROSHA,AMAZONAS,BONGARA,COROSHA
1,01,010303,CUISPES,AMAZONAS,BONGARA,CUISPES
1,01,010304,CHISQUILLA,AMAZONAS,BONGARA,CHISQUILLA
1,01,010305,CHURUJA,AMAZONAS,BONGARA,CHURUJA
1,01,010306,FLORIDA,AMAZONAS,BONGARA,FLORIDA
1,01,010307,RECTA,AMAZONAS,BONGARA,RECTA
1,01,010308,SAN CARLOS,AMAZONAS,BONGARA,SAN CARLOS
1,01,010309,SHIPASBAMBA,AMAZONAS,BONGARA,SHIPASBAMBA
1,01,010310,VALERA,AMAZONAS,BONGARA,VALERA
1,01,010311,YAMBRASBAMBA,AMAZONAS,BONGARA,YAMBRASBAMBA
1,01,010312,JAZAN,AMAZONAS,BONGARA,JAZAN
1,01,010401,LAMUD,AMAZONAS,LUYA,LAMUD
1,01,010402,CAMPORREDONDO,AMAZONAS,LUYA,CAMPORREDONDO
1,01,010403,COCABAMBA,AMAZONAS,LUYA,COCABAMBA
1,01,010404,COLCAMAR,AMAZONAS,LUYA,COLCAMAR
1,01,010405,CONILA,AMAZONAS,LUYA,CONILA
1,01,010406,INGUILPATA,AMAZONAS,LUYA,INGUILPATA
1,01,010407,LONGUITA,AMAZONAS,LUYA,LONGUITA
1,01,010408,LONYA CHICO,AMAZONAS,LUYA,LONYA CHICO
1,01,010409,LUYA,AMAZONAS,LUYA,LUYA
1,01,010410,LUYA VIEJO,AMAZONAS,LUYA,LUYA VIEJO
1,01,010411,MARIA,AMAZONAS,LUYA,MARIA
1,01,010412,OCALLI,AMAZONAS,LUYA,OCALLI
1,01,010413,OCUMAL,AMAZONAS,LUYA,OCUMAL
1,01,010414,PISUQUIA,AMAZONAS,LUYA,PISUQUIA
1,01,010415,SAN CRISTOBAL,AMAZONAS,LUYA,SAN CRISTOBAL
1,01,010416,SAN FRANCISCO DE YESO,AMAZONAS,LUYA,SAN FRANCISCO DE YESO
1,01,010417,SAN JERONIMO,AMAZONAS,LUYA,SAN JERONIMO
1,01,010418,SAN JUAN DE LOPECANCHA,AMAZONAS,LUYA,SAN JUAN DE LOPECANCHA
1,01,010419,SANTA CATALINA,AMAZONAS,LUYA,SANTA CATALINA
1,01,010420,SANTO TOMAS,AMAZONAS,LUYA,SANTO TOMAS
1,01,010421,TINGO,AMAZONAS,LUYA,TINGO
1,01,010422,TRITA,AMAZONAS,LUYA,TRITA
1,01,010423,PROVIDENCIA,AMAZONAS,LUYA,PROVIDENCIA
1,01,010501,SAN NICOLAS,AMAZONAS,RODRIGUEZ DE MENDOZA,SAN NICOLAS
1,01,010502,COCHAMAL,AMAZONAS,RODRIGUEZ DE MENDOZA,COCHAMAL
1,01,010503,CHIRIMOTO,AMAZONAS,RODRIGUEZ DE MENDOZA,CHIRIMOTO
1,01,010504,HUAMBO,AMAZONAS,RODRIGUEZ DE MENDOZA,HUAMBO
1,01,010505,LIMABAMBA,AMAZONAS,RODRIGUEZ DE MENDOZA,LIMABAMBA
1,01,010506,LONGAR,AMAZONAS,RODRIGUEZ DE MENDOZA,LONGAR
1,01,010507,MILPUCC,AMAZONAS,RODRIGUEZ DE MENDOZA,MILPUCC
1,01,010508,MARISCAL BENAVIDES,AMAZONAS,RODRIGUEZ DE MENDOZA,MARISCAL BENAVIDES
1,01,010509,OMIA,AMAZONAS,RODRIGUEZ DE MENDOZA,OMIA
1,01,010510,SANTA ROSA,AMAZONAS,RODRIGUEZ DE MENDOZA,SANTA ROSA
1,01,010511,TOTORA,AMAZONAS,RODRIGUEZ DE MENDOZA,TOTORA
1,01,010512,VISTA ALEGRE,AMAZONAS,RODRIGUEZ DE MENDOZA,VISTA ALEGRE
1,01,010601,NIEVA,AMAZONAS,CONDORCANQUI,NIEVA
1,01,010602,RIO SANTIAGO,AMAZONAS,CONDORCANQUI,RIO SANTIAGO
1,01,010603,EL CENEPA,AMAZONAS,CONDORCANQUI,EL CENEPA
1,01,010701,BAGUA GRANDE,AMAZONAS,UTCUBAMBA,BAGUA GRANDE
1,01,010702,CAJARURO,AMAZONAS,UTCUBAMBA,CAJARURO
1,01,010703,CUMBA,AMAZONAS,UTCUBAMBA,CUMBA
1,01,010704,EL MILAGRO,AMAZONAS,UTCUBAMBA,EL MILAGRO
1,01,010705,JAMALCA,AMAZONAS,UTCUBAMBA,JAMALCA
1,01,010706,LONYA GRANDE,AMAZONAS,UTCUBAMBA,LONYA GRANDE
1,01,010707,YAMON,AMAZONAS,UTCUBAMBA,YAMON
1,02,020101,HUARAZ,ANCASH,HUARAZ,HUARAZ
1,02,020102,INDEPENDENCIA,ANCASH,HUARAZ,INDEPENDENCIA
1,02,020103,COCHABAMBA,ANCASH,HUARAZ,COCHABAMBA
1,02,020104,COLCABAMBA,ANCASH,HUARAZ,COLCABAMBA
1,02,020105,HUANCHAY,ANCASH,HUARAZ,HUANCHAY
1,02,020106,JANGAS,ANCASH,HUARAZ,JANGAS
1,02,020107,LA LIBERTAD,ANCASH,HUARAZ,LA LIBERTAD
1,02,020108,OLLEROS,ANCASH,HUARAZ,OLLEROS
1,02,020109,PAMPAS GRANDE,ANCASH,HUARAZ,PAMPAS GRANDE
1,02,020110,PARIACOTO,ANCASH,HUARAZ,PARIACOTO
1,02,020111,PIRA,ANCASH,HUARAZ,PIRA
1,02,020112,TARICA,ANCASH,HUARAZ,TARICA
1,02,020201,AIJA,ANCASH,AIJA,AIJA
1,02,020203,CORIS,ANCASH,AIJA,CORIS
1,02,020205,HUACLLAN,ANCASH,AIJA,HUACLLAN
1,02,020206,LA MERCED,ANCASH,AIJA,LA MERCED
1,02,020208,SUCCHA,ANCASH,AIJA,SUCCHA
1,02,020301,CHIQUIAN,ANCASH,BOLOGNESI,CHIQUIAN
1,02,020302,ABELARDO PARDO LEZAMETA,ANCASH,BOLOGNESI,ABELARDO PARDO LEZAMETA
1,02,020304,AQUIA,ANCASH,BOLOGNESI,AQUIA
1,02,020305,CAJACAY,ANCASH,BOLOGNESI,CAJACAY
1,02,020310,HUAYLLACAYAN,ANCASH,BOLOGNESI,HUAYLLACAYAN
1,02,020311,HUASTA,ANCASH,BOLOGNESI,HUASTA
1,02,020313,MANGAS,ANCASH,BOLOGNESI,MANGAS
1,02,020315,PACLLON,ANCASH,BOLOGNESI,PACLLON
1,02,020317,SAN MIGUEL DE CORPANQUI,ANCASH,BOLOGNESI,SAN MIGUEL DE CORPANQUI
1,02,020320,TICLLOS,ANCASH,BOLOGNESI,TICLLOS
1,02,020321,ANTONIO RAIMONDI,ANCASH,BOLOGNESI,ANTONIO RAIMONDI
1,02,020322,CANIS,ANCASH,BOLOGNESI,CANIS
1,02,020323,COLQUIOC,ANCASH,BOLOGNESI,COLQUIOC
1,02,020324,LA PRIMAVERA,ANCASH,BOLOGNESI,LA PRIMAVERA
1,02,020325,HUALLANCA,ANCASH,BOLOGNESI,HUALLANCA
1,02,020401,CARHUAZ,ANCASH,CARHUAZ,CARHUAZ
1,02,020402,ACOPAMPA,ANCASH,CARHUAZ,ACOPAMPA
1,02,020403,AMASHCA,ANCASH,CARHUAZ,AMASHCA
1,02,020404,ANTA,ANCASH,CARHUAZ,ANTA
1,02,020405,ATAQUERO,ANCASH,CARHUAZ,ATAQUERO
1,02,020406,MARCARA,ANCASH,CARHUAZ,MARCARA
1,02,020407,PARIAHUANCA,ANCASH,CARHUAZ,PARIAHUANCA
1,02,020408,SAN MIGUEL DE ACO,ANCASH,CARHUAZ,SAN MIGUEL DE ACO
1,02,020409,SHILLA,ANCASH,CARHUAZ,SHILLA
1,02,020410,TINCO,ANCASH,CARHUAZ,TINCO
1,02,020411,YUNGAR,ANCASH,CARHUAZ,YUNGAR
1,02,020501,CASMA,ANCASH,CASMA,CASMA
1,02,020502,BUENA VISTA ALTA,ANCASH,CASMA,BUENA VISTA ALTA
1,02,020503,COMANDANTE NOEL,ANCASH,CASMA,COMANDANTE NOEL
1,02,020505,YAUTAN,ANCASH,CASMA,YAUTAN
1,02,020601,CORONGO,ANCASH,CORONGO,CORONGO
1,02,020602,ACO,ANCASH,CORONGO,ACO
1,02,020603,BAMBAS,ANCASH,CORONGO,BAMBAS
1,02,020604,CUSCA,ANCASH,CORONGO,CUSCA
1,02,020605,LA PAMPA,ANCASH,CORONGO,LA PAMPA
1,02,020606,YANAC,ANCASH,CORONGO,YANAC
1,02,020607,YUPAN,ANCASH,CORONGO,YUPAN
1,02,020701,CARAZ,ANCASH,HUAYLAS,CARAZ
1,02,020702,HUALLANCA,ANCASH,HUAYLAS,HUALLANCA
1,02,020703,HUATA,ANCASH,HUAYLAS,HUATA
1,02,020704,HUAYLAS,ANCASH,HUAYLAS,HUAYLAS
1,02,020705,MATO,ANCASH,HUAYLAS,MATO
1,02,020706,PAMPAROMAS,ANCASH,HUAYLAS,PAMPAROMAS
1,02,020707,PUEBLO LIBRE,ANCASH,HUAYLAS,PUEBLO LIBRE
1,02,020708,SANTA CRUZ,ANCASH,HUAYLAS,SANTA CRUZ
1,02,020709,YURACMARCA,ANCASH,HUAYLAS,YURACMARCA
1,02,020710,SANTO TORIBIO,ANCASH,HUAYLAS,SANTO TORIBIO
1,02,020801,HUARI,ANCASH,HUARI,HUARI
1,02,020802,CAJAY,ANCASH,HUARI,CAJAY
1,02,020803,CHAVIN DE HUANTAR,ANCASH,HUARI,CHAVIN DE HUANTAR
1,02,020804,HUACACHI,ANCASH,HUARI,HUACACHI
1,02,020805,HUACHIS,ANCASH,HUARI,HUACHIS
1,02,020806,HUACCHIS,ANCASH,HUARI,HUACCHIS
1,02,020807,HUANTAR,ANCASH,HUARI,HUANTAR
1,02,020808,MASIN,ANCASH,HUARI,MASIN
1,02,020809,PAUCAS,ANCASH,HUARI,PAUCAS
1,02,020810,PONTO,ANCASH,HUARI,PONTO
1,02,020811,RAHUAPAMPA,ANCASH,HUARI,RAHUAPAMPA
1,02,020812,RAPAYAN,ANCASH,HUARI,RAPAYAN
1,02,020813,SAN MARCOS,ANCASH,HUARI,SAN MARCOS
1,02,020814,SAN PEDRO DE CHANA,ANCASH,HUARI,SAN PEDRO DE CHANA
1,02,020815,UCO,ANCASH,HUARI,UCO
1,02,020816,ANRA,ANCASH,HUARI,ANRA
1,02,020901,PISCOBAMBA,ANCASH,MARISCAL LUZURIAGA,PISCOBAMBA
1,02,020902,CASCA,ANCASH,MARISCAL LUZURIAGA,CASCA
1,02,020903,LUCMA,ANCASH,MARISCAL LUZURIAGA,LUCMA
1,02,020904,FIDEL OLIVAS ESCUDERO,ANCASH,MARISCAL LUZURIAGA,FIDEL OLIVAS ESCUDERO
1,02,020905,LLAMA,ANCASH,MARISCAL LUZURIAGA,LLAMA
1,02,020906,LLUMPA,ANCASH,MARISCAL LUZURIAGA,LLUMPA
1,02,020907,MUSGA,ANCASH,MARISCAL LUZURIAGA,MUSGA
1,02,020908,ELEAZAR GUZMAN BARRON,ANCASH,MARISCAL LUZURIAGA,ELEAZAR GUZMAN BARRON
1,02,021001,CABANA,ANCASH,PALLASCA,CABANA
1,02,021002,BOLOGNESI,ANCASH,PALLASCA,BOLOGNESI
1,02,021003,CONCHUCOS,ANCASH,PALLASCA,CONCHUCOS
1,02,021004,HUACASCHUQUE,ANCASH,PALLASCA,HUACASCHUQUE
1,02,021005,HUANDOVAL,ANCASH,PALLASCA,HUANDOVAL
1,02,021006,LACABAMBA,ANCASH,PALLASCA,LACABAMBA
1,02,021007,LLAPO,ANCASH,PALLASCA,LLAPO
1,02,021008,PALLASCA,ANCASH,PALLASCA,PALLASCA
1,02,021009,PAMPAS,ANCASH,PALLASCA,PAMPAS
1,02,021010,SANTA ROSA,ANCASH,PALLASCA,SANTA ROSA
1,02,021011,TAUCA,ANCASH,PALLASCA,TAUCA
1,02,021101,POMABAMBA,ANCASH,POMABAMBA,POMABAMBA
1,02,021102,HUAYLLAN,ANCASH,POMABAMBA,HUAYLLAN
1,02,021103,PAROBAMBA,ANCASH,POMABAMBA,PAROBAMBA
1,02,021104,QUINUABAMBA,ANCASH,POMABAMBA,QUINUABAMBA
1,02,021201,RECUAY,ANCASH,RECUAY,RECUAY
1,02,021202,COTAPARACO,ANCASH,RECUAY,COTAPARACO
1,02,021203,HUAYLLAPAMPA,ANCASH,RECUAY,HUAYLLAPAMPA
1,02,021204,MARCA,ANCASH,RECUAY,MARCA
1,02,021205,PAMPAS CHICO,ANCASH,RECUAY,PAMPAS CHICO
1,02,021206,PARARIN,ANCASH,RECUAY,PARARIN
1,02,021207,TAPACOCHA,ANCASH,RECUAY,TAPACOCHA
1,02,021208,TICAPAMPA,ANCASH,RECUAY,TICAPAMPA
1,02,021209,LLACLLIN,ANCASH,RECUAY,LLACLLIN
1,02,021210,CATAC,ANCASH,RECUAY,CATAC
1,02,021301,CHIMBOTE,ANCASH,SANTA,CHIMBOTE
1,02,021302,CACERES DEL PERU,ANCASH,SANTA,CACERES DEL PERU
1,02,021303,MACATE,ANCASH,SANTA,MACATE
1,02,021304,MORO,ANCASH,SANTA,MORO
1,02,021305,NEPEÑA,ANCASH,SANTA,NEPEÑA
1,02,021306,SAMANCO,ANCASH,SANTA,SAMANCO
1,02,021307,SANTA,ANCASH,SANTA,SANTA
1,02,021308,COISHCO,ANCASH,SANTA,COISHCO
1,02,021309,NUEVO CHIMBOTE,ANCASH,SANTA,NUEVO CHIMBOTE
1,02,021401,SIHUAS,ANCASH,SIHUAS,SIHUAS
1,02,021402,ALFONSO UGARTE,ANCASH,SIHUAS,ALFONSO UGARTE
1,02,021403,CHINGALPO,ANCASH,SIHUAS,CHINGALPO
1,02,021404,HUAYLLABAMBA,ANCASH,SIHUAS,HUAYLLABAMBA
1,02,021405,QUICHES,ANCASH,SIHUAS,QUICHES
1,02,021406,SICSIBAMBA,ANCASH,SIHUAS,SICSIBAMBA
1,02,021407,ACOBAMBA,ANCASH,SIHUAS,ACOBAMBA
1,02,021408,CASHAPAMPA,ANCASH,SIHUAS,CASHAPAMPA
1,02,021409,RAGASH,ANCASH,SIHUAS,RAGASH
1,02,021410,SAN JUAN,ANCASH,SIHUAS,SAN JUAN
1,02,021501,YUNGAY,ANCASH,YUNGAY,YUNGAY
1,02,021502,CASCAPARA,ANCASH,YUNGAY,CASCAPARA
1,02,021503,MANCOS,ANCASH,YUNGAY,MANCOS
1,02,021504,MATACOTO,ANCASH,YUNGAY,MATACOTO
1,02,021505,QUILLO,ANCASH,YUNGAY,QUILLO
1,02,021506,RANRAHIRCA,ANCASH,YUNGAY,RANRAHIRCA
1,02,021507,SHUPLUY,ANCASH,YUNGAY,SHUPLUY
1,02,021508,YANAMA,ANCASH,YUNGAY,YANAMA
1,02,021601,LLAMELLIN,ANCASH,ANTONIO RAIMONDI,LLAMELLIN
1,02,021602,ACZO,ANCASH,ANTONIO RAIMONDI,ACZO
1,02,021603,CHACCHO,ANCASH,ANTONIO RAIMONDI,CHACCHO
1,02,021604,CHINGAS,ANCASH,ANTONIO RAIMONDI,CHINGAS
1,02,021605,MIRGAS,ANCASH,ANTONIO RAIMONDI,MIRGAS
1,02,021606,SAN JUAN DE RONTOY,ANCASH,ANTONIO RAIMONDI,SAN JUAN DE RONTOY
1,02,021701,SAN LUIS,ANCASH,CARLOS FERMIN FITZCARRALD,SAN LUIS
1,02,021702,YAUYA,ANCASH,CARLOS FERMIN FITZCARRALD,YAUYA
1,02,021703,SAN NICOLAS,ANCASH,CARLOS FERMIN FITZCARRALD,SAN NICOLAS
1,02,021801,CHACAS,ANCASH,ASUNCION,CHACAS
1,02,021802,ACOCHACA,ANCASH,ASUNCION,ACOCHACA
1,02,021901,HUARMEY,ANCASH,HUARMEY,HUARMEY
1,02,021902,COCHAPETI,ANCASH,HUARMEY,COCHAPETI
1,02,021903,HUAYAN,ANCASH,HUARMEY,HUAYAN
1,02,021904,MALVAS,ANCASH,HUARMEY,MALVAS
1,02,021905,CULEBRAS,ANCASH,HUARMEY,CULEBRAS
1,02,022001,ACAS,ANCASH,OCROS,ACAS
1,02,022002,CAJAMARQUILLA,ANCASH,OCROS,CAJAMARQUILLA
1,02,022003,CARHUAPAMPA,ANCASH,OCROS,CARHUAPAMPA
1,02,022004,COCHAS,ANCASH,OCROS,COCHAS
1,02,022005,CONGAS,ANCASH,OCROS,CONGAS
1,02,022006,LLIPA,ANCASH,OCROS,LLIPA
1,02,022007,OCROS,ANCASH,OCROS,OCROS
1,02,022008,SAN CRISTOBAL DE RAJAN,ANCASH,OCROS,SAN CRISTOBAL DE RAJAN
1,02,022009,SAN PEDRO,ANCASH,OCROS,SAN PEDRO
1,02,022010,SANTIAGO DE CHILCAS,ANCASH,OCROS,SANTIAGO DE CHILCAS
1,03,030101,ABANCAY,APURIMAC,ABANCAY,ABANCAY
1,03,030102,CIRCA,APURIMAC,ABANCAY,CIRCA
1,03,030103,CURAHUASI,APURIMAC,ABANCAY,CURAHUASI
1,03,030104,CHACOCHE,APURIMAC,ABANCAY,CHACOCHE
1,03,030105,HUANIPACA,APURIMAC,ABANCAY,HUANIPACA
1,03,030106,LAMBRAMA,APURIMAC,ABANCAY,LAMBRAMA
1,03,030107,PICHIRHUA,APURIMAC,ABANCAY,PICHIRHUA
1,03,030108,SAN PEDRO DE CACHORA,APURIMAC,ABANCAY,SAN PEDRO DE CACHORA
1,03,030109,TAMBURCO,APURIMAC,ABANCAY,TAMBURCO
1,03,030201,CHALHUANCA,APURIMAC,AYMARAES,CHALHUANCA
1,03,030202,CAPAYA,APURIMAC,AYMARAES,CAPAYA
1,03,030203,CARAYBAMBA,APURIMAC,AYMARAES,CARAYBAMBA
1,03,030204,COLCABAMBA,APURIMAC,AYMARAES,COLCABAMBA
1,03,030205,COTARUSE,APURIMAC,AYMARAES,COTARUSE
1,03,030206,CHAPIMARCA,APURIMAC,AYMARAES,CHAPIMARCA
1,03,030207,HUAYLLO,APURIMAC,AYMARAES,HUAYLLO
1,03,030208,LUCRE,APURIMAC,AYMARAES,LUCRE
1,03,030209,POCOHUANCA,APURIMAC,AYMARAES,POCOHUANCA
1,03,030210,SAÑAYCA,APURIMAC,AYMARAES,SAÑAYCA
1,03,030211,SORAYA,APURIMAC,AYMARAES,SORAYA
1,03,030212,TAPAIRIHUA,APURIMAC,AYMARAES,TAPAIRIHUA
1,03,030213,TINTAY,APURIMAC,AYMARAES,TINTAY
1,03,030214,TORAYA,APURIMAC,AYMARAES,TORAYA
1,03,030215,YANACA,APURIMAC,AYMARAES,YANACA
1,03,030216,SAN JUAN DE CHACÑA,APURIMAC,AYMARAES,SAN JUAN DE CHACÑA
1,03,030217,JUSTO APU SAHUARAURA,APURIMAC,AYMARAES,JUSTO APU SAHUARAURA
1,03,030301,ANDAHUAYLAS,APURIMAC,ANDAHUAYLAS,ANDAHUAYLAS
1,03,030302,ANDARAPA,APURIMAC,ANDAHUAYLAS,ANDARAPA
1,03,030303,CHIARA,APURIMAC,ANDAHUAYLAS,CHIARA
1,03,030304,HUANCARAMA,APURIMAC,ANDAHUAYLAS,HUANCARAMA
1,03,030305,HUANCARAY,APURIMAC,ANDAHUAYLAS,HUANCARAY
1,03,030306,KISHUARA,APURIMAC,ANDAHUAYLAS,KISHUARA
1,03,030307,PACOBAMBA,APURIMAC,ANDAHUAYLAS,PACOBAMBA
1,03,030308,PAMPACHIRI,APURIMAC,ANDAHUAYLAS,PAMPACHIRI
1,03,030309,SAN ANTONIO DE CACHI,APURIMAC,ANDAHUAYLAS,SAN ANTONIO DE CACHI
1,03,030310,SAN JERONIMO,APURIMAC,ANDAHUAYLAS,SAN JERONIMO
1,03,030311,TALAVERA,APURIMAC,ANDAHUAYLAS,TALAVERA
1,03,030312,TURPO,APURIMAC,ANDAHUAYLAS,TURPO
1,03,030313,PACUCHA,APURIMAC,ANDAHUAYLAS,PACUCHA
1,03,030314,POMACOCHA,APURIMAC,ANDAHUAYLAS,POMACOCHA
1,03,030315,SANTA MARIA DE CHICMO,APURIMAC,ANDAHUAYLAS,SANTA MARIA DE CHICMO
1,03,030316,TUMAY HUARACA,APURIMAC,ANDAHUAYLAS,TUMAY HUARACA
1,03,030317,HUAYANA,APURIMAC,ANDAHUAYLAS,HUAYANA
1,03,030318,SAN MIGUEL DE CHACCRAMPA,APURIMAC,ANDAHUAYLAS,SAN MIGUEL DE CHACCRAMPA
1,03,030319,KAQUIABAMBA,APURIMAC,ANDAHUAYLAS,KAQUIABAMBA
1,03,030401,ANTABAMBA,APURIMAC,ANTABAMBA,ANTABAMBA
1,03,030402,EL ORO,APURIMAC,ANTABAMBA,EL ORO
1,03,030403,HUAQUIRCA,APURIMAC,ANTABAMBA,HUAQUIRCA
1,03,030404,JUAN ESPINOZA MEDRANO,APURIMAC,ANTABAMBA,JUAN ESPINOZA MEDRANO
1,03,030405,OROPESA,APURIMAC,ANTABAMBA,OROPESA
1,03,030406,PACHACONAS,APURIMAC,ANTABAMBA,PACHACONAS
1,03,030407,SABAINO,APURIMAC,ANTABAMBA,SABAINO
1,03,030501,TAMBOBAMBA,APURIMAC,COTABAMBAS,TAMBOBAMBA
1,03,030502,COYLLURQUI,APURIMAC,COTABAMBAS,COYLLURQUI
1,03,030503,COTABAMBAS,APURIMAC,COTABAMBAS,COTABAMBAS
1,03,030504,HAQUIRA,APURIMAC,COTABAMBAS,HAQUIRA
1,03,030505,MARA,APURIMAC,COTABAMBAS,MARA
1,03,030506,CHALLHUAHUACHO,APURIMAC,COTABAMBAS,CHALLHUAHUACHO
1,03,030601,CHUQUIBAMBILLA,APURIMAC,GRAU,CHUQUIBAMBILLA
1,03,030602,CURPAHUASI,APURIMAC,GRAU,CURPAHUASI
1,03,030603,HUAILLATI,APURIMAC,GRAU,HUAILLATI
1,03,030604,MAMARA,APURIMAC,GRAU,MAMARA
1,03,030605,MARISCAL GAMARRA,APURIMAC,GRAU,MARISCAL GAMARRA
1,03,030606,MICAELA BASTIDAS,APURIMAC,GRAU,MICAELA BASTIDAS
1,03,030607,PROGRESO,APURIMAC,GRAU,PROGRESO
1,03,030608,PATAYPAMPA,APURIMAC,GRAU,PATAYPAMPA
1,03,030609,SAN ANTONIO,APURIMAC,GRAU,SAN ANTONIO
1,03,030610,TURPAY,APURIMAC,GRAU,TURPAY
1,03,030611,VILCABAMBA,APURIMAC,GRAU,VILCABAMBA
1,03,030612,VIRUNDO,APURIMAC,GRAU,VIRUNDO
1,03,030613,SANTA ROSA,APURIMAC,GRAU,SANTA ROSA
1,03,030614,CURASCO,APURIMAC,GRAU,CURASCO
1,03,030701,CHINCHEROS,APURIMAC,CHINCHEROS,CHINCHEROS
1,03,030702,ONGOY,APURIMAC,CHINCHEROS,ONGOY
1,03,030703,OCOBAMBA,APURIMAC,CHINCHEROS,OCOBAMBA
1,03,030704,COCHARCAS,APURIMAC,CHINCHEROS,COCHARCAS
1,03,030705,ANCO HUALLO,APURIMAC,CHINCHEROS,ANCO HUALLO
1,03,030706,HUACCANA,APURIMAC,CHINCHEROS,HUACCANA
1,03,030707,URANMARCA,APURIMAC,CHINCHEROS,URANMARCA
1,03,030708,RANRACANCHA,APURIMAC,CHINCHEROS,RANRACANCHA
1,04,040101,AREQUIPA,AREQUIPA,AREQUIPA,AREQUIPA
1,04,040102,CAYMA,AREQUIPA,AREQUIPA,CAYMA
1,04,040103,CERRO COLORADO,AREQUIPA,AREQUIPA,CERRO COLORADO
1,04,040104,CHARACATO,AREQUIPA,AREQUIPA,CHARACATO
1,04,040105,CHIGUATA,AREQUIPA,AREQUIPA,CHIGUATA
1,04,040106,LA JOYA,AREQUIPA,AREQUIPA,LA JOYA
1,04,040107,MIRAFLORES,AREQUIPA,AREQUIPA,MIRAFLORES
1,04,040108,MOLLEBAYA,AREQUIPA,AREQUIPA,MOLLEBAYA
1,04,040109,PAUCARPATA,AREQUIPA,AREQUIPA,PAUCARPATA
1,04,040110,POCSI,AREQUIPA,AREQUIPA,POCSI
1,04,040111,POLOBAYA,AREQUIPA,AREQUIPA,POLOBAYA
1,04,040112,QUEQUEÑA,AREQUIPA,AREQUIPA,QUEQUEÑA
1,04,040113,SABANDIA,AREQUIPA,AREQUIPA,SABANDIA
1,04,040114,SACHACA,AREQUIPA,AREQUIPA,SACHACA
1,04,040115,SAN JUAN DE SIGUAS,AREQUIPA,AREQUIPA,SAN JUAN DE SIGUAS
1,04,040116,SAN JUAN DE TARUCANI,AREQUIPA,AREQUIPA,SAN JUAN DE TARUCANI
1,04,040117,SANTA ISABEL DE SIGUAS,AREQUIPA,AREQUIPA,SANTA ISABEL DE SIGUAS
1,04,040118,SANTA RITA DE SIHUAS,AREQUIPA,AREQUIPA,SANTA RITA DE SIHUAS
1,04,040119,SOCABAYA,AREQUIPA,AREQUIPA,SOCABAYA
1,04,040120,TIABAYA,AREQUIPA,AREQUIPA,TIABAYA
1,04,040121,UCHUMAYO,AREQUIPA,AREQUIPA,UCHUMAYO
1,04,040122,VITOR,AREQUIPA,AREQUIPA,VITOR
1,04,040123,YANAHUARA,AREQUIPA,AREQUIPA,YANAHUARA
1,04,040124,YARABAMBA,AREQUIPA,AREQUIPA,YARABAMBA
1,04,040125,YURA,AREQUIPA,AREQUIPA,YURA
1,04,040126,MARIANO MELGAR,AREQUIPA,AREQUIPA,MARIANO MELGAR
1,04,040127,JACOBO HUNTER,AREQUIPA,AREQUIPA,JACOBO HUNTER
1,04,040128,ALTO SELVA ALEGRE,AREQUIPA,AREQUIPA,ALTO SELVA ALEGRE
1,04,040129,JOSE LUIS BUSTAMANTE Y RIVERO,AREQUIPA,AREQUIPA,JOSE LUIS BUSTAMANTE Y RIVERO
1,04,040201,CHIVAY,AREQUIPA,CAYLLOMA,CHIVAY
1,04,040202,ACHOMA,AREQUIPA,CAYLLOMA,ACHOMA
1,04,040203,CABANACONDE,AREQUIPA,CAYLLOMA,CABANACONDE
1,04,040204,CAYLLOMA,AREQUIPA,CAYLLOMA,CAYLLOMA
1,04,040205,CALLALLI,AREQUIPA,CAYLLOMA,CALLALLI
1,04,040206,COPORAQUE,AREQUIPA,CAYLLOMA,COPORAQUE
1,04,040207,HUAMBO,AREQUIPA,CAYLLOMA,HUAMBO
1,04,040208,HUANCA,AREQUIPA,CAYLLOMA,HUANCA
1,04,040209,ICHUPAMPA,AREQUIPA,CAYLLOMA,ICHUPAMPA
1,04,040210,LARI,AREQUIPA,CAYLLOMA,LARI
1,04,040211,LLUTA,AREQUIPA,CAYLLOMA,LLUTA
1,04,040212,MACA,AREQUIPA,CAYLLOMA,MACA
1,04,040213,MADRIGAL,AREQUIPA,CAYLLOMA,MADRIGAL
1,04,040214,SAN ANTONIO DE CHUCA,AREQUIPA,CAYLLOMA,SAN ANTONIO DE CHUCA
1,04,040215,SIBAYO,AREQUIPA,CAYLLOMA,SIBAYO
1,04,040216,TAPAY,AREQUIPA,CAYLLOMA,TAPAY
1,04,040217,TISCO,AREQUIPA,CAYLLOMA,TISCO
1,04,040218,TUTI,AREQUIPA,CAYLLOMA,TUTI
1,04,040219,YANQUE,AREQUIPA,CAYLLOMA,YANQUE
1,04,040220,MAJES,AREQUIPA,CAYLLOMA,MAJES
1,04,040301,CAMANA,AREQUIPA,CAMANA,CAMANA
1,04,040302,JOSE MARIA QUIMPER,AREQUIPA,CAMANA,JOSE MARIA QUIMPER
1,04,040303,MARIANO NICOLAS VALCARCEL,AREQUIPA,CAMANA,MARIANO NICOLAS VALCARCEL
1,04,040304,MARISCAL CACERES,AREQUIPA,CAMANA,MARISCAL CACERES
1,04,040305,NICOLAS DE PIEROLA,AREQUIPA,CAMANA,NICOLAS DE PIEROLA
1,04,040306,OCOÑA,AREQUIPA,CAMANA,OCOÑA
1,04,040307,QUILCA,AREQUIPA,CAMANA,QUILCA
1,04,040308,SAMUEL PASTOR,AREQUIPA,CAMANA,SAMUEL PASTOR
1,04,040401,CARAVELI,AREQUIPA,CARAVELI,CARAVELI
1,04,040402,ACARI,AREQUIPA,CARAVELI,ACARI
1,04,040403,ATICO,AREQUIPA,CARAVELI,ATICO
1,04,040404,ATIQUIPA,AREQUIPA,CARAVELI,ATIQUIPA
1,04,040405,BELLA UNION,AREQUIPA,CARAVELI,BELLA UNION
1,04,040406,CAHUACHO,AREQUIPA,CARAVELI,CAHUACHO
1,04,040407,CHALA,AREQUIPA,CARAVELI,CHALA
1,04,040408,CHAPARRA,AREQUIPA,CARAVELI,CHAPARRA
1,04,040409,HUANUHUANU,AREQUIPA,CARAVELI,HUANUHUANU
1,04,040410,JAQUI,AREQUIPA,CARAVELI,JAQUI
1,04,040411,LOMAS,AREQUIPA,CARAVELI,LOMAS
1,04,040412,QUICACHA,AREQUIPA,CARAVELI,QUICACHA
1,04,040413,YAUCA,AREQUIPA,CARAVELI,YAUCA
1,04,040501,APLAO,AREQUIPA,CASTILLA,APLAO
1,04,040502,ANDAGUA,AREQUIPA,CASTILLA,ANDAGUA
1,04,040503,AYO,AREQUIPA,CASTILLA,AYO
1,04,040504,CHACHAS,AREQUIPA,CASTILLA,CHACHAS
1,04,040505,CHILCAYMARCA,AREQUIPA,CASTILLA,CHILCAYMARCA
1,04,040506,CHOCO,AREQUIPA,CASTILLA,CHOCO
1,04,040507,HUANCARQUI,AREQUIPA,CASTILLA,HUANCARQUI
1,04,040508,MACHAGUAY,AREQUIPA,CASTILLA,MACHAGUAY
1,04,040509,ORCOPAMPA,AREQUIPA,CASTILLA,ORCOPAMPA
1,04,040510,PAMPACOLCA,AREQUIPA,CASTILLA,PAMPACOLCA
1,04,040511,TIPAN,AREQUIPA,CASTILLA,TIPAN
1,04,040512,URACA,AREQUIPA,CASTILLA,URACA
1,04,040513,UÑON,AREQUIPA,CASTILLA,UÑON
1,04,040514,VIRACO,AREQUIPA,CASTILLA,VIRACO
1,04,040601,CHUQUIBAMBA,AREQUIPA,CONDESUYOS,CHUQUIBAMBA
1,04,040602,ANDARAY,AREQUIPA,CONDESUYOS,ANDARAY
1,04,040603,CAYARANI,AREQUIPA,CONDESUYOS,CAYARANI
1,04,040604,CHICHAS,AREQUIPA,CONDESUYOS,CHICHAS
1,04,040605,IRAY,AREQUIPA,CONDESUYOS,IRAY
1,04,040606,SALAMANCA,AREQUIPA,CONDESUYOS,SALAMANCA
1,04,040607,YANAQUIHUA,AREQUIPA,CONDESUYOS,YANAQUIHUA
1,04,040608,RIO GRANDE,AREQUIPA,CONDESUYOS,RIO GRANDE
1,04,040701,MOLLENDO,AREQUIPA,ISLAY,MOLLENDO
1,04,040702,COCACHACRA,AREQUIPA,ISLAY,COCACHACRA
1,04,040703,DEAN VALDIVIA,AREQUIPA,ISLAY,DEAN VALDIVIA
1,04,040704,ISLAY,AREQUIPA,ISLAY,ISLAY
1,04,040705,MEJIA,AREQUIPA,ISLAY,MEJIA
1,04,040706,PUNTA DE BOMBON,AREQUIPA,ISLAY,PUNTA DE BOMBON
1,04,040801,COTAHUASI,AREQUIPA,LA UNION,COTAHUASI
1,04,040802,ALCA,AREQUIPA,LA UNION,ALCA
1,04,040803,CHARCANA,AREQUIPA,LA UNION,CHARCANA
1,04,040804,HUAYNACOTAS,AREQUIPA,LA UNION,HUAYNACOTAS
1,04,040805,PAMPAMARCA,AREQUIPA,LA UNION,PAMPAMARCA
1,04,040806,PUYCA,AREQUIPA,LA UNION,PUYCA
1,04,040807,QUECHUALLA,AREQUIPA,LA UNION,QUECHUALLA
1,04,040808,SAYLA,AREQUIPA,LA UNION,SAYLA
1,04,040809,TAURIA,AREQUIPA,LA UNION,TAURIA
1,04,040810,TOMEPAMPA,AREQUIPA,LA UNION,TOMEPAMPA
1,04,040811,TORO,AREQUIPA,LA UNION,TORO
1,05,050101,AYACUCHO,AYACUCHO,HUAMANGA,AYACUCHO
1,05,050102,ACOS VINCHOS,AYACUCHO,HUAMANGA,ACOS VINCHOS
1,05,050103,CARMEN ALTO,AYACUCHO,HUAMANGA,CARMEN ALTO
1,05,050104,CHIARA,AYACUCHO,HUAMANGA,CHIARA
1,05,050105,QUINUA,AYACUCHO,HUAMANGA,QUINUA
1,05,050106,SAN JOSE DE TICLLAS,AYACUCHO,HUAMANGA,SAN JOSE DE TICLLAS
1,05,050107,SAN JUAN BAUTISTA,AYACUCHO,HUAMANGA,SAN JUAN BAUTISTA
1,05,050108,SANTIAGO DE PISCHA,AYACUCHO,HUAMANGA,SANTIAGO DE PISCHA
1,05,050109,VINCHOS,AYACUCHO,HUAMANGA,VINCHOS
1,05,050110,TAMBILLO,AYACUCHO,HUAMANGA,TAMBILLO
1,05,050111,ACOCRO,AYACUCHO,HUAMANGA,ACOCRO
1,05,050112,SOCOS,AYACUCHO,HUAMANGA,SOCOS
1,05,050113,OCROS,AYACUCHO,HUAMANGA,OCROS
1,05,050114,PACAYCASA,AYACUCHO,HUAMANGA,PACAYCASA
1,05,050115,JESUS NAZARENO,AYACUCHO,HUAMANGA,JESUS NAZARENO
1,05,050201,CANGALLO,AYACUCHO,CANGALLO,CANGALLO
1,05,050204,CHUSCHI,AYACUCHO,CANGALLO,CHUSCHI
1,05,050206,LOS MOROCHUCOS,AYACUCHO,CANGALLO,LOS MOROCHUCOS
1,05,050207,PARAS,AYACUCHO,CANGALLO,PARAS
1,05,050208,TOTOS,AYACUCHO,CANGALLO,TOTOS
1,05,050211,MARIA PARADO DE BELLIDO,AYACUCHO,CANGALLO,MARIA PARADO DE BELLIDO
1,05,050301,HUANTA,AYACUCHO,HUANTA,HUANTA
1,05,050302,AYAHUANCO,AYACUCHO,HUANTA,AYAHUANCO
1,05,050303,HUAMANGUILLA,AYACUCHO,HUANTA,HUAMANGUILLA
1,05,050304,IGUAIN,AYACUCHO,HUANTA,IGUAIN
1,05,050305,LURICOCHA,AYACUCHO,HUANTA,LURICOCHA
1,05,050307,SANTILLANA,AYACUCHO,HUANTA,SANTILLANA
1,05,050308,SIVIA,AYACUCHO,HUANTA,SIVIA
1,05,050309,LLOCHEGUA,AYACUCHO,HUANTA,LLOCHEGUA
1,05,050401,SAN MIGUEL,AYACUCHO,LA MAR,SAN MIGUEL
1,05,050402,ANCO,AYACUCHO,LA MAR,ANCO
1,05,050403,AYNA,AYACUCHO,LA MAR,AYNA
1,05,050404,CHILCAS,AYACUCHO,LA MAR,CHILCAS
1,05,050405,CHUNGUI,AYACUCHO,LA MAR,CHUNGUI
1,05,050406,TAMBO,AYACUCHO,LA MAR,TAMBO
1,05,050407,LUIS CARRANZA,AYACUCHO,LA MAR,LUIS CARRANZA
1,05,050408,SANTA ROSA,AYACUCHO,LA MAR,SANTA ROSA
1,05,050409,SAMUGARI,AYACUCHO,LA MAR,SAMUGARI
1,05,050501,PUQUIO,AYACUCHO,LUCANAS,PUQUIO
1,05,050502,AUCARA,AYACUCHO,LUCANAS,AUCARA
1,05,050503,CABANA,AYACUCHO,LUCANAS,CABANA
1,05,050504,CARMEN SALCEDO,AYACUCHO,LUCANAS,CARMEN SALCEDO
1,05,050506,CHAVIÑA,AYACUCHO,LUCANAS,CHAVIÑA
1,05,050508,CHIPAO,AYACUCHO,LUCANAS,CHIPAO
1,05,050510,HUAC-HUAS,AYACUCHO,LUCANAS,HUAC-HUAS
1,05,050511,LARAMATE,AYACUCHO,LUCANAS,LARAMATE
1,05,050512,LEONCIO PRADO,AYACUCHO,LUCANAS,LEONCIO PRADO
1,05,050513,LUCANAS,AYACUCHO,LUCANAS,LUCANAS
1,05,050514,LLAUTA,AYACUCHO,LUCANAS,LLAUTA
1,05,050516,OCAÑA,AYACUCHO,LUCANAS,OCAÑA
1,05,050517,OTOCA,AYACUCHO,LUCANAS,OTOCA
1,05,050520,SANCOS,AYACUCHO,LUCANAS,SANCOS
1,05,050521,SAN JUAN,AYACUCHO,LUCANAS,SAN JUAN
1,05,050522,SAN PEDRO,AYACUCHO,LUCANAS,SAN PEDRO
1,05,050524,SANTA ANA DE HUAYCAHUACHO,AYACUCHO,LUCANAS,SANTA ANA DE HUAYCAHUACHO
1,05,050525,SANTA LUCIA,AYACUCHO,LUCANAS,SANTA LUCIA
1,05,050529,SAISA,AYACUCHO,LUCANAS,SAISA
1,05,050531,SAN PEDRO DE PALCO,AYACUCHO,LUCANAS,SAN PEDRO DE PALCO
1,05,050532,SAN CRISTOBAL,AYACUCHO,LUCANAS,SAN CRISTOBAL
1,05,050601,CORACORA,AYACUCHO,PARINACOCHAS,CORACORA
1,05,050604,CORONEL CASTAÑEDA,AYACUCHO,PARINACOCHAS,CORONEL CASTAÑEDA
1,05,050605,CHUMPI,AYACUCHO,PARINACOCHAS,CHUMPI
1,05,050608,PACAPAUSA,AYACUCHO,PARINACOCHAS,PACAPAUSA
1,05,050611,PULLO,AYACUCHO,PARINACOCHAS,PULLO
1,05,050612,PUYUSCA,AYACUCHO,PARINACOCHAS,PUYUSCA
1,05,050615,SAN FRANCISCO DE RAVACAYCO,AYACUCHO,PARINACOCHAS,SAN FRANCISCO DE RAVACAYCO
1,05,050616,UPAHUACHO,AYACUCHO,PARINACOCHAS,UPAHUACHO
1,05,050701,HUANCAPI,AYACUCHO,VICTOR FAJARDO,HUANCAPI
1,05,050702,ALCAMENCA,AYACUCHO,VICTOR FAJARDO,ALCAMENCA
1,05,050703,APONGO,AYACUCHO,VICTOR FAJARDO,APONGO
1,05,050704,CANARIA,AYACUCHO,VICTOR FAJARDO,CANARIA
1,05,050706,CAYARA,AYACUCHO,VICTOR FAJARDO,CAYARA
1,05,050707,COLCA,AYACUCHO,VICTOR FAJARDO,COLCA
1,05,050708,HUALLA,AYACUCHO,VICTOR FAJARDO,HUALLA
1,05,050709,HUAMANQUIQUIA,AYACUCHO,VICTOR FAJARDO,HUAMANQUIQUIA
1,05,050710,HUANCARAYLLA,AYACUCHO,VICTOR FAJARDO,HUANCARAYLLA
1,05,050713,SARHUA,AYACUCHO,VICTOR FAJARDO,SARHUA
1,05,050714,VILCANCHOS,AYACUCHO,VICTOR FAJARDO,VILCANCHOS
1,05,050715,ASQUIPATA,AYACUCHO,VICTOR FAJARDO,ASQUIPATA
1,05,050801,SANCOS,AYACUCHO,HUANCA SANCOS,SANCOS
1,05,050802,SACSAMARCA,AYACUCHO,HUANCA SANCOS,SACSAMARCA
1,05,050803,SANTIAGO DE LUCANAMARCA,AYACUCHO,HUANCA SANCOS,SANTIAGO DE LUCANAMARCA
1,05,050804,CARAPO,AYACUCHO,HUANCA SANCOS,CARAPO
1,05,050901,VILCAS HUAMAN,AYACUCHO,VILCAS HUAMAN,VILCAS HUAMAN
1,05,050902,VISCHONGO,AYACUCHO,VILCAS HUAMAN,VISCHONGO
1,05,050903,ACCOMARCA,AYACUCHO,VILCAS HUAMAN,ACCOMARCA
1,05,050904,CARHUANCA,AYACUCHO,VILCAS HUAMAN,CARHUANCA
1,05,050905,CONCEPCION,AYACUCHO,VILCAS HUAMAN,CONCEPCION
1,05,050906,HUAMBALPA,AYACUCHO,VILCAS HUAMAN,HUAMBALPA
1,05,050907,SAURAMA,AYACUCHO,VILCAS HUAMAN,SAURAMA
1,05,050908,INDEPENDENCIA,AYACUCHO,VILCAS HUAMAN,INDEPENDENCIA
1,05,051001,PAUSA,AYACUCHO,PAUCAR DEL SARA SARA,PAUSA
1,05,051002,COLTA,AYACUCHO,PAUCAR DEL SARA SARA,COLTA
1,05,051003,CORCULLA,AYACUCHO,PAUCAR DEL SARA SARA,CORCULLA
1,05,051004,LAMPA,AYACUCHO,PAUCAR DEL SARA SARA,LAMPA
1,05,051005,MARCABAMBA,AYACUCHO,PAUCAR DEL SARA SARA,MARCABAMBA
1,05,051006,OYOLO,AYACUCHO,PAUCAR DEL SARA SARA,OYOLO
1,05,051007,PARARCA,AYACUCHO,PAUCAR DEL SARA SARA,PARARCA
1,05,051008,SAN JAVIER DE ALPABAMBA,AYACUCHO,PAUCAR DEL SARA SARA,SAN JAVIER DE ALPABAMBA
1,05,051009,SAN JOSE DE USHUA,AYACUCHO,PAUCAR DEL SARA SARA,SAN JOSE DE USHUA
1,05,051010,SARA SARA,AYACUCHO,PAUCAR DEL SARA SARA,SARA SARA
1,05,051101,QUEROBAMBA,AYACUCHO,SUCRE,QUEROBAMBA
1,05,051102,BELEN,AYACUCHO,SUCRE,BELEN
1,05,051103,CHALCOS,AYACUCHO,SUCRE,CHALCOS
1,05,051104,SAN SALVADOR DE QUIJE,AYACUCHO,SUCRE,SAN SALVADOR DE QUIJE
1,05,051105,PAICO,AYACUCHO,SUCRE,PAICO
1,05,051106,SANTIAGO DE PAUCARAY,AYACUCHO,SUCRE,SANTIAGO DE PAUCARAY
1,05,051107,SAN PEDRO DE LARCAY,AYACUCHO,SUCRE,SAN PEDRO DE LARCAY
1,05,051108,SORAS,AYACUCHO,SUCRE,SORAS
1,05,051109,HUACAÑA,AYACUCHO,SUCRE,HUACAÑA
1,05,051110,CHILCAYOC,AYACUCHO,SUCRE,CHILCAYOC
1,05,051111,MORCOLLA,AYACUCHO,SUCRE,MORCOLLA
1,06,060101,CAJAMARCA,CAJAMARCA,CAJAMARCA,CAJAMARCA
1,06,060102,ASUNCION,CAJAMARCA,CAJAMARCA,ASUNCION
1,06,060103,COSPAN,CAJAMARCA,CAJAMARCA,COSPAN
1,06,060104,CHETILLA,CAJAMARCA,CAJAMARCA,CHETILLA
1,06,060105,ENCAÑADA,CAJAMARCA,CAJAMARCA,ENCAÑADA
1,06,060106,JESUS,CAJAMARCA,CAJAMARCA,JESUS
1,06,060107,LOS BAÑOS DEL INCA,CAJAMARCA,CAJAMARCA,LOS BAÑOS DEL INCA
1,06,060108,LLACANORA,CAJAMARCA,CAJAMARCA,LLACANORA
1,06,060109,MAGDALENA,CAJAMARCA,CAJAMARCA,MAGDALENA
1,06,060110,MATARA,CAJAMARCA,CAJAMARCA,MATARA
1,06,060111,NAMORA,CAJAMARCA,CAJAMARCA,NAMORA
1,06,060112,SAN JUAN,CAJAMARCA,CAJAMARCA,SAN JUAN
1,06,060201,CAJABAMBA,CAJAMARCA,CAJABAMBA,CAJABAMBA
1,06,060202,CACHACHI,CAJAMARCA,CAJABAMBA,CACHACHI
1,06,060203,CONDEBAMBA,CAJAMARCA,CAJABAMBA,CONDEBAMBA
1,06,060205,SITACOCHA,CAJAMARCA,CAJABAMBA,SITACOCHA
1,06,060301,CELENDIN,CAJAMARCA,CELENDIN,CELENDIN
1,06,060302,CORTEGANA,CAJAMARCA,CELENDIN,CORTEGANA
1,06,060303,CHUMUCH,CAJAMARCA,CELENDIN,CHUMUCH
1,06,060304,HUASMIN,CAJAMARCA,CELENDIN,HUASMIN
1,06,060305,JORGE CHAVEZ,CAJAMARCA,CELENDIN,JORGE CHAVEZ
1,06,060306,JOSE GALVEZ,CAJAMARCA,CELENDIN,JOSE GALVEZ
1,06,060307,MIGUEL IGLESIAS,CAJAMARCA,CELENDIN,MIGUEL IGLESIAS
1,06,060308,OXAMARCA,CAJAMARCA,CELENDIN,OXAMARCA
1,06,060309,SOROCHUCO,CAJAMARCA,CELENDIN,SOROCHUCO
1,06,060310,SUCRE,CAJAMARCA,CELENDIN,SUCRE
1,06,060311,UTCO,CAJAMARCA,CELENDIN,UTCO
1,06,060312,LA LIBERTAD DE PALLAN,CAJAMARCA,CELENDIN,LA LIBERTAD DE PALLAN
1,06,060401,CONTUMAZA,CAJAMARCA,CONTUMAZA,CONTUMAZA
1,06,060403,CHILETE,CAJAMARCA,CONTUMAZA,CHILETE
1,06,060404,GUZMANGO,CAJAMARCA,CONTUMAZA,GUZMANGO
1,06,060405,SAN BENITO,CAJAMARCA,CONTUMAZA,SAN BENITO
1,06,060406,CUPISNIQUE,CAJAMARCA,CONTUMAZA,CUPISNIQUE
1,06,060407,TANTARICA,CAJAMARCA,CONTUMAZA,TANTARICA
1,06,060408,YONAN,CAJAMARCA,CONTUMAZA,YONAN
1,06,060409,SANTA CRUZ DE TOLED,CAJAMARCA,CONTUMAZA,SANTA CRUZ DE TOLED
1,06,060501,CUTERVO,CAJAMARCA,CUTERVO,CUTERVO
1,06,060502,CALLAYUC,CAJAMARCA,CUTERVO,CALLAYUC
1,06,060503,CUJILLO,CAJAMARCA,CUTERVO,CUJILLO
1,06,060504,CHOROS,CAJAMARCA,CUTERVO,CHOROS
1,06,060505,LA RAMADA,CAJAMARCA,CUTERVO,LA RAMADA
1,06,060506,PIMPINGOS,CAJAMARCA,CUTERVO,PIMPINGOS
1,06,060507,QUEROCOTILLO,CAJAMARCA,CUTERVO,QUEROCOTILLO
1,06,060508,SAN ANDRES DE CUTERVO,CAJAMARCA,CUTERVO,SAN ANDRES DE CUTERVO
1,06,060509,SAN JUAN DE CUTERVO,CAJAMARCA,CUTERVO,SAN JUAN DE CUTERVO
1,06,060510,SAN LUIS DE LUCMA,CAJAMARCA,CUTERVO,SAN LUIS DE LUCMA
1,06,060511,SANTA CRUZ,CAJAMARCA,CUTERVO,SANTA CRUZ
1,06,060512,SANTO DOMINGO DE LA CAPILLA,CAJAMARCA,CUTERVO,SANTO DOMINGO DE LA CAPILLA
1,06,060513,SANTO TOMAS,CAJAMARCA,CUTERVO,SANTO TOMAS
1,06,060514,SOCOTA,CAJAMARCA,CUTERVO,SOCOTA
1,06,060515,TORIBIO CASANOVA,CAJAMARCA,CUTERVO,TORIBIO CASANOVA
1,06,060601,CHOTA,CAJAMARCA,CHOTA,CHOTA
1,06,060602,ANGUIA,CAJAMARCA,CHOTA,ANGUIA
1,06,060603,COCHABAMBA,CAJAMARCA,CHOTA,COCHABAMBA
1,06,060604,CONCHAN,CAJAMARCA,CHOTA,CONCHAN
1,06,060605,CHADIN,CAJAMARCA,CHOTA,CHADIN
1,06,060606,CHIGUIRIP,CAJAMARCA,CHOTA,CHIGUIRIP
1,06,060607,CHIMBAN,CAJAMARCA,CHOTA,CHIMBAN
1,06,060608,HUAMBOS,CAJAMARCA,CHOTA,HUAMBOS
1,06,060609,LAJAS,CAJAMARCA,CHOTA,LAJAS
1,06,060610,LLAMA,CAJAMARCA,CHOTA,LLAMA
1,06,060611,MIRACOSTA,CAJAMARCA,CHOTA,MIRACOSTA
1,06,060612,PACCHA,CAJAMARCA,CHOTA,PACCHA
1,06,060613,PION,CAJAMARCA,CHOTA,PION
1,06,060614,QUEROCOTO,CAJAMARCA,CHOTA,QUEROCOTO
1,06,060615,TACABAMBA,CAJAMARCA,CHOTA,TACABAMBA
1,06,060616,TOCMOCHE,CAJAMARCA,CHOTA,TOCMOCHE
1,06,060617,SAN JUAN DE LICUPIS,CAJAMARCA,CHOTA,SAN JUAN DE LICUPIS
1,06,060618,CHOROPAMPA,CAJAMARCA,CHOTA,CHOROPAMPA
1,06,060619,CHALAMARCA,CAJAMARCA,CHOTA,CHALAMARCA
1,06,060701,BAMBAMARCA,CAJAMARCA,HUALGAYOC,BAMBAMARCA
1,06,060702,CHUGUR,CAJAMARCA,HUALGAYOC,CHUGUR
1,06,060703,HUALGAYOC,CAJAMARCA,HUALGAYOC,HUALGAYOC
1,06,060801,JAEN,CAJAMARCA,JAEN,JAEN
1,06,060802,BELLAVISTA,CAJAMARCA,JAEN,BELLAVISTA
1,06,060803,COLASAY,CAJAMARCA,JAEN,COLASAY
1,06,060804,CHONTALI,CAJAMARCA,JAEN,CHONTALI
1,06,060805,POMAHUACA,CAJAMARCA,JAEN,POMAHUACA
1,06,060806,PUCARA,CAJAMARCA,JAEN,PUCARA
1,06,060807,SALLIQUE,CAJAMARCA,JAEN,SALLIQUE
1,06,060808,SAN FELIPE,CAJAMARCA,JAEN,SAN FELIPE
1,06,060809,SAN JOSE DEL ALTO,CAJAMARCA,JAEN,SAN JOSE DEL ALTO
1,06,060810,SANTA ROSA,CAJAMARCA,JAEN,SANTA ROSA
1,06,060811,LAS PIRIAS,CAJAMARCA,JAEN,LAS PIRIAS
1,06,060812,HUABAL,CAJAMARCA,JAEN,HUABAL
1,06,060901,SANTA CRUZ,CAJAMARCA,SANTA CRUZ,SANTA CRUZ
1,06,060902,CATACHE,CAJAMARCA,SANTA CRUZ,CATACHE
1,06,060903,CHANCAYBAÑOS,CAJAMARCA,SANTA CRUZ,CHANCAYBAÑOS
1,06,060904,LA ESPERANZA,CAJAMARCA,SANTA CRUZ,LA ESPERANZA
1,06,060905,NINABAMBA,CAJAMARCA,SANTA CRUZ,NINABAMBA
1,06,060906,PULAN,CAJAMARCA,SANTA CRUZ,PULAN
1,06,060907,SEXI,CAJAMARCA,SANTA CRUZ,SEXI
1,06,060908,UTICYACU,CAJAMARCA,SANTA CRUZ,UTICYACU
1,06,060909,YAUYUCAN,CAJAMARCA,SANTA CRUZ,YAUYUCAN
1,06,060910,ANDABAMBA,CAJAMARCA,SANTA CRUZ,ANDABAMBA
1,06,060911,SAUCEPAMPA,CAJAMARCA,SANTA CRUZ,SAUCEPAMPA
1,06,061001,SAN MIGUEL,CAJAMARCA,SAN MIGUEL,SAN MIGUEL
1,06,061002,CALQUIS,CAJAMARCA,SAN MIGUEL,CALQUIS
1,06,061003,LA FLORIDA,CAJAMARCA,SAN MIGUEL,LA FLORIDA
1,06,061004,LLAPA,CAJAMARCA,SAN MIGUEL,LLAPA
1,06,061005,NANCHOC,CAJAMARCA,SAN MIGUEL,NANCHOC
1,06,061006,NIEPOS,CAJAMARCA,SAN MIGUEL,NIEPOS
1,06,061007,SAN GREGORIO,CAJAMARCA,SAN MIGUEL,SAN GREGORIO
1,06,061008,SAN SILVESTRE DE COCHAN,CAJAMARCA,SAN MIGUEL,SAN SILVESTRE DE COCHAN
1,06,061009,EL PRADO,CAJAMARCA,SAN MIGUEL,EL PRADO
1,06,061010,UNION AGUA BLANCA,CAJAMARCA,SAN MIGUEL,UNION AGUA BLANCA
1,06,061011,TONGOD,CAJAMARCA,SAN MIGUEL,TONGOD
1,06,061012,CATILLUC,CAJAMARCA,SAN MIGUEL,CATILLUC
1,06,061013,BOLIVAR,CAJAMARCA,SAN MIGUEL,BOLIVAR
1,06,061101,SAN IGNACIO,CAJAMARCA,SAN IGNACIO,SAN IGNACIO
1,06,061102,CHIRINOS,CAJAMARCA,SAN IGNACIO,CHIRINOS
1,06,061103,HUARANGO,CAJAMARCA,SAN IGNACIO,HUARANGO
1,06,061104,NAMBALLE,CAJAMARCA,SAN IGNACIO,NAMBALLE
1,06,061105,LA COIPA,CAJAMARCA,SAN IGNACIO,LA COIPA
1,06,061106,SAN JOSE DE LOURDES,CAJAMARCA,SAN IGNACIO,SAN JOSE DE LOURDES
1,06,061107,TABACONAS,CAJAMARCA,SAN IGNACIO,TABACONAS
1,06,061201,PEDRO GALVEZ,CAJAMARCA,SAN MARCOS,PEDRO GALVEZ
1,06,061202,ICHOCAN,CAJAMARCA,SAN MARCOS,ICHOCAN
1,06,061203,GREGORIO PITA,CAJAMARCA,SAN MARCOS,GREGORIO PITA
1,06,061204,JOSE MANUEL QUIROZ,CAJAMARCA,SAN MARCOS,JOSE MANUEL QUIROZ
1,06,061205,EDUARDO VILLANUEVA,CAJAMARCA,SAN MARCOS,EDUARDO VILLANUEVA
1,06,061206,JOSE SABOGAL,CAJAMARCA,SAN MARCOS,JOSE SABOGAL
1,06,061207,CHANCAY,CAJAMARCA,SAN MARCOS,CHANCAY
1,06,061301,SAN PABLO,CAJAMARCA,SAN PABLO,SAN PABLO
1,06,061302,SAN BERNARDINO,CAJAMARCA,SAN PABLO,SAN BERNARDINO
1,06,061303,SAN LUIS,CAJAMARCA,SAN PABLO,SAN LUIS
1,06,061304,TUMBADEN,CAJAMARCA,SAN PABLO,TUMBADEN
1,07,070101,CUSCO,CUSCO,CUSCO,CUSCO
1,07,070102,CCORCA,CUSCO,CUSCO,CCORCA
1,07,070103,POROY,CUSCO,CUSCO,POROY
1,07,070104,SAN JERONIMO,CUSCO,CUSCO,SAN JERONIMO
1,07,070105,SAN SEBASTIAN,CUSCO,CUSCO,SAN SEBASTIAN
1,07,070106,SANTIAGO,CUSCO,CUSCO,SANTIAGO
1,07,070107,SAYLLA,CUSCO,CUSCO,SAYLLA
1,07,070108,WANCHAQ,CUSCO,CUSCO,WANCHAQ
1,07,070201,ACOMAYO,CUSCO,ACOMAYO,ACOMAYO
1,07,070202,ACOPIA,CUSCO,ACOMAYO,ACOPIA
1,07,070203,ACOS,CUSCO,ACOMAYO,ACOS
1,07,070204,POMACANCHI,CUSCO,ACOMAYO,POMACANCHI
1,07,070205,RONDOCAN,CUSCO,ACOMAYO,RONDOCAN
1,07,070206,SANGARARA,CUSCO,ACOMAYO,SANGARARA
1,07,070207,MOSOC LLACTA,CUSCO,ACOMAYO,MOSOC LLACTA
1,07,070301,ANTA,CUSCO,ANTA,ANTA
1,07,070302,CHINCHAYPUJIO,CUSCO,ANTA,CHINCHAYPUJIO
1,07,070303,HUAROCONDO,CUSCO,ANTA,HUAROCONDO
1,07,070304,LIMATAMBO,CUSCO,ANTA,LIMATAMBO
1,07,070305,MOLLEPATA,CUSCO,ANTA,MOLLEPATA
1,07,070306,PUCYURA,CUSCO,ANTA,PUCYURA
1,07,070307,ZURITE,CUSCO,ANTA,ZURITE
1,07,070308,CACHIMAYO,CUSCO,ANTA,CACHIMAYO
1,07,070309,ANCAHUASI,CUSCO,ANTA,ANCAHUASI
1,07,070401,CALCA,CUSCO,CALCA,CALCA
1,07,070402,COYA,CUSCO,CALCA,COYA
1,07,070403,LAMAY,CUSCO,CALCA,LAMAY
1,07,070404,LARES,CUSCO,CALCA,LARES
1,07,070405,PISAC,CUSCO,CALCA,PISAC
1,07,070406,SAN SALVADOR,CUSCO,CALCA,SAN SALVADOR
1,07,070407,TARAY,CUSCO,CALCA,TARAY
1,07,070408,YANATILE,CUSCO,CALCA,YANATILE
1,07,070501,YANAOCA,CUSCO,CANAS,YANAOCA
1,07,070502,CHECCA,CUSCO,CANAS,CHECCA
1,07,070503,KUNTURKANKI,CUSCO,CANAS,KUNTURKANKI
1,07,070504,LANGUI,CUSCO,CANAS,LANGUI
1,07,070505,LAYO,CUSCO,CANAS,LAYO
1,07,070506,PAMPAMARCA,CUSCO,CANAS,PAMPAMARCA
1,07,070507,QUEHUE,CUSCO,CANAS,QUEHUE
1,07,070508,TUPAC AMARU,CUSCO,CANAS,TUPAC AMARU
1,07,070601,SICUANI,CUSCO,CANCHIS,SICUANI
1,07,070602,COMBAPATA,CUSCO,CANCHIS,COMBAPATA
1,07,070603,CHECACUPE,CUSCO,CANCHIS,CHECACUPE
1,07,070604,MARANGANI,CUSCO,CANCHIS,MARANGANI
1,07,070605,PITUMARCA,CUSCO,CANCHIS,PITUMARCA
1,07,070606,SAN PABLO,CUSCO,CANCHIS,SAN PABLO
1,07,070607,SAN PEDRO,CUSCO,CANCHIS,SAN PEDRO
1,07,070608,TINTA,CUSCO,CANCHIS,TINTA
1,07,070701,SANTO TOMAS,CUSCO,CHUMBIVILCAS,SANTO TOMAS
1,07,070702,CAPACMARCA,CUSCO,CHUMBIVILCAS,CAPACMARCA
1,07,070703,COLQUEMARCA,CUSCO,CHUMBIVILCAS,COLQUEMARCA
1,07,070704,CHAMACA,CUSCO,CHUMBIVILCAS,CHAMACA
1,07,070705,LIVITACA,CUSCO,CHUMBIVILCAS,LIVITACA
1,07,070706,LLUSCO,CUSCO,CHUMBIVILCAS,LLUSCO
1,07,070707,QUIÑOTA,CUSCO,CHUMBIVILCAS,QUIÑOTA
1,07,070708,VELILLE,CUSCO,CHUMBIVILCAS,VELILLE
1,07,070801,ESPINAR,CUSCO,ESPINAR,ESPINAR
1,07,070802,CONDOROMA,CUSCO,ESPINAR,CONDOROMA
1,07,070803,COPORAQUE,CUSCO,ESPINAR,COPORAQUE
1,07,070804,OCORURO,CUSCO,ESPINAR,OCORURO
1,07,070805,PALLPATA,CUSCO,ESPINAR,PALLPATA
1,07,070806,PICHIGUA,CUSCO,ESPINAR,PICHIGUA
1,07,070807,SUYCKUTAMBO,CUSCO,ESPINAR,SUYCKUTAMBO
1,07,070808,ALTO PICHIGUA,CUSCO,ESPINAR,ALTO PICHIGUA
1,07,070901,SANTA ANA,CUSCO,LA CONVENCION,SANTA ANA
1,07,070902,ECHARATE,CUSCO,LA CONVENCION,ECHARATE
1,07,070903,HUAYOPATA,CUSCO,LA CONVENCION,HUAYOPATA
1,07,070904,MARANURA,CUSCO,LA CONVENCION,MARANURA
1,07,070905,OCOBAMBA,CUSCO,LA CONVENCION,OCOBAMBA
1,07,070906,SANTA TERESA,CUSCO,LA CONVENCION,SANTA TERESA
1,07,070907,VILCABAMBA,CUSCO,LA CONVENCION,VILCABAMBA
1,07,070908,QUELLOUNO,CUSCO,LA CONVENCION,QUELLOUNO
1,07,070909,KIMBIRI,CUSCO,LA CONVENCION,KIMBIRI
1,07,070910,PICHARI,CUSCO,LA CONVENCION,PICHARI
1,07,071001,PARURO,CUSCO,PARURO,PARURO
1,07,071002,ACCHA,CUSCO,PARURO,ACCHA
1,07,071003,CCAPI,CUSCO,PARURO,CCAPI
1,07,071004,COLCHA,CUSCO,PARURO,COLCHA
1,07,071005,HUANOQUITE,CUSCO,PARURO,HUANOQUITE
1,07,071006,OMACHA,CUSCO,PARURO,OMACHA
1,07,071007,YAURISQUE,CUSCO,PARURO,YAURISQUE
1,07,071008,PACCARITAMBO,CUSCO,PARURO,PACCARITAMBO
1,07,071009,PILLPINTO,CUSCO,PARURO,PILLPINTO
1,07,071101,PAUCARTAMBO,CUSCO,PAUCARTAMBO,PAUCARTAMBO
1,07,071102,CAICAY,CUSCO,PAUCARTAMBO,CAICAY
1,07,071103,COLQUEPATA,CUSCO,PAUCARTAMBO,COLQUEPATA
1,07,071104,CHALLABAMBA,CUSCO,PAUCARTAMBO,CHALLABAMBA
1,07,071105,KOSÑIPATA,CUSCO,PAUCARTAMBO,KOSÑIPATA
1,07,071106,HUANCARANI,CUSCO,PAUCARTAMBO,HUANCARANI
1,07,071201,URCOS,CUSCO,QUISPICANCHI,URCOS
1,07,071202,ANDAHUAYLILLAS,CUSCO,QUISPICANCHI,ANDAHUAYLILLAS
1,07,071203,CAMANTI,CUSCO,QUISPICANCHI,CAMANTI
1,07,071204,CCARHUAYO,CUSCO,QUISPICANCHI,CCARHUAYO
1,07,071205,CCATCA,CUSCO,QUISPICANCHI,CCATCA
1,07,071206,CUSIPATA,CUSCO,QUISPICANCHI,CUSIPATA
1,07,071207,HUARO,CUSCO,QUISPICANCHI,HUARO
1,07,071208,LUCRE,CUSCO,QUISPICANCHI,LUCRE
1,07,071209,MARCAPATA,CUSCO,QUISPICANCHI,MARCAPATA
1,07,071210,OCONGATE,CUSCO,QUISPICANCHI,OCONGATE
1,07,071211,OROPESA,CUSCO,QUISPICANCHI,OROPESA
1,07,071212,QUIQUIJANA,CUSCO,QUISPICANCHI,QUIQUIJANA
1,07,071301,URUBAMBA,CUSCO,URUBAMBA,URUBAMBA
1,07,071302,CHINCHERO,CUSCO,URUBAMBA,CHINCHERO
1,07,071303,HUAYLLABAMBA,CUSCO,URUBAMBA,HUAYLLABAMBA
1,07,071304,MACHUPICCHU,CUSCO,URUBAMBA,MACHUPICCHU
1,07,071305,MARAS,CUSCO,URUBAMBA,MARAS
1,07,071306,OLLANTAYTAMBO,CUSCO,URUBAMBA,OLLANTAYTAMBO
1,07,071307,YUCAY,CUSCO,URUBAMBA,YUCAY
1,08,080101,HUANCAVELICA,HUANCAVELICA,HUANCAVELICA,HUANCAVELICA
1,08,080102,ACOBAMBILLA,HUANCAVELICA,HUANCAVELICA,ACOBAMBILLA
1,08,080103,ACORIA,HUANCAVELICA,HUANCAVELICA,ACORIA
1,08,080104,CONAYCA,HUANCAVELICA,HUANCAVELICA,CONAYCA
1,08,080105,CUENCA,HUANCAVELICA,HUANCAVELICA,CUENCA
1,08,080106,HUACHOCOLPA,HUANCAVELICA,HUANCAVELICA,HUACHOCOLPA
1,08,080108,HUAYLLAHUARA,HUANCAVELICA,HUANCAVELICA,HUAYLLAHUARA
1,08,080109,IZCUCHACA,HUANCAVELICA,HUANCAVELICA,IZCUCHACA
1,08,080110,LARIA,HUANCAVELICA,HUANCAVELICA,LARIA
1,08,080111,MANTA,HUANCAVELICA,HUANCAVELICA,MANTA
1,08,080112,MARISCAL CACERES,HUANCAVELICA,HUANCAVELICA,MARISCAL CACERES
1,08,080113,MOYA,HUANCAVELICA,HUANCAVELICA,MOYA
1,08,080114,NUEVO OCCORO,HUANCAVELICA,HUANCAVELICA,NUEVO OCCORO
1,08,080115,PALCA,HUANCAVELICA,HUANCAVELICA,PALCA
1,08,080116,PILCHACA,HUANCAVELICA,HUANCAVELICA,PILCHACA
1,08,080117,VILCA,HUANCAVELICA,HUANCAVELICA,VILCA
1,08,080118,YAULI,HUANCAVELICA,HUANCAVELICA,YAULI
1,08,080119,ASCENSION,HUANCAVELICA,HUANCAVELICA,ASCENSION
1,08,080120,HUANDO,HUANCAVELICA,HUANCAVELICA,HUANDO
1,08,080201,ACOBAMBA,HUANCAVELICA,ACOBAMBA,ACOBAMBA
1,08,080202,ANTA,HUANCAVELICA,ACOBAMBA,ANTA
1,08,080203,ANDABAMBA,HUANCAVELICA,ACOBAMBA,ANDABAMBA
1,08,080204,CAJA,HUANCAVELICA,ACOBAMBA,CAJA
1,08,080205,MARCAS,HUANCAVELICA,ACOBAMBA,MARCAS
1,08,080206,PAUCARA,HUANCAVELICA,ACOBAMBA,PAUCARA
1,08,080207,POMACOCHA,HUANCAVELICA,ACOBAMBA,POMACOCHA
1,08,080208,ROSARIO,HUANCAVELICA,ACOBAMBA,ROSARIO
1,08,080301,LIRCAY,HUANCAVELICA,ANGARAES,LIRCAY
1,08,080302,ANCHONGA,HUANCAVELICA,ANGARAES,ANCHONGA
1,08,080303,CALLANMARCA,HUANCAVELICA,ANGARAES,CALLANMARCA
1,08,080304,CONGALLA,HUANCAVELICA,ANGARAES,CONGALLA
1,08,080305,CHINCHO,HUANCAVELICA,ANGARAES,CHINCHO
1,08,080306,HUALLAY-GRANDE,HUANCAVELICA,ANGARAES,HUALLAY-GRANDE
1,08,080307,HUANCA-HUANCA,HUANCAVELICA,ANGARAES,HUANCA-HUANCA
1,08,080308,JULCAMARCA,HUANCAVELICA,ANGARAES,JULCAMARCA
1,08,080309,SAN ANTONIO DE ANTAPARCO,HUANCAVELICA,ANGARAES,SAN ANTONIO DE ANTAPARCO
1,08,080310,SANTO TOMAS DE PATA,HUANCAVELICA,ANGARAES,SANTO TOMAS DE PATA
1,08,080311,SECCLLA,HUANCAVELICA,ANGARAES,SECCLLA
1,08,080312,CCOCHACCASA,HUANCAVELICA,ANGARAES,CCOCHACCASA
1,08,080401,CASTROVIRREYNA,HUANCAVELICA,CASTROVIRREYNA,CASTROVIRREYNA
1,08,080402,ARMA,HUANCAVELICA,CASTROVIRREYNA,ARMA
1,08,080403,AURAHUA,HUANCAVELICA,CASTROVIRREYNA,AURAHUA
1,08,080405,CAPILLAS,HUANCAVELICA,CASTROVIRREYNA,CAPILLAS
1,08,080406,COCAS,HUANCAVELICA,CASTROVIRREYNA,COCAS
1,08,080408,CHUPAMARCA,HUANCAVELICA,CASTROVIRREYNA,CHUPAMARCA
1,08,080409,HUACHOS,HUANCAVELICA,CASTROVIRREYNA,HUACHOS
1,08,080410,HUAMATAMBO,HUANCAVELICA,CASTROVIRREYNA,HUAMATAMBO
1,08,080414,MOLLEPAMPA,HUANCAVELICA,CASTROVIRREYNA,MOLLEPAMPA
1,08,080422,SAN JUAN,HUANCAVELICA,CASTROVIRREYNA,SAN JUAN
1,08,080427,TANTARA,HUANCAVELICA,CASTROVIRREYNA,TANTARA
1,08,080428,TICRAPO,HUANCAVELICA,CASTROVIRREYNA,TICRAPO
1,08,080429,SANTA ANA,HUANCAVELICA,CASTROVIRREYNA,SANTA ANA
1,08,080501,PAMPAS,HUANCAVELICA,TAYACAJA,PAMPAS
1,08,080502,ACOSTAMBO,HUANCAVELICA,TAYACAJA,ACOSTAMBO
1,08,080503,ACRAQUIA,HUANCAVELICA,TAYACAJA,ACRAQUIA
1,08,080504,AHUAYCHA,HUANCAVELICA,TAYACAJA,AHUAYCHA
1,08,080506,COLCABAMBA,HUANCAVELICA,TAYACAJA,COLCABAMBA
1,08,080509,DANIEL HERNANDEZ,HUANCAVELICA,TAYACAJA,DANIEL HERNANDEZ
1,08,080511,HUACHOCOLPA,HUANCAVELICA,TAYACAJA,HUACHOCOLPA
1,08,080512,HUARIBAMBA,HUANCAVELICA,TAYACAJA,HUARIBAMBA
1,08,080515,ÑAHUIMPUQUIO,HUANCAVELICA,TAYACAJA,ÑAHUIMPUQUIO
1,08,080517,PAZOS,HUANCAVELICA,TAYACAJA,PAZOS
1,08,080518,QUISHUAR,HUANCAVELICA,TAYACAJA,QUISHUAR
1,08,080519,SALCABAMBA,HUANCAVELICA,TAYACAJA,SALCABAMBA
1,08,080520,SAN MARCOS DE ROCCHAC,HUANCAVELICA,TAYACAJA,SAN MARCOS DE ROCCHAC
1,08,080523,SURCUBAMBA,HUANCAVELICA,TAYACAJA,SURCUBAMBA
1,08,080525,TINTAY PUNCU,HUANCAVELICA,TAYACAJA,TINTAY PUNCU
1,08,080526,SALCAHUASI,HUANCAVELICA,TAYACAJA,SALCAHUASI
1,08,080601,AYAVI,HUANCAVELICA,HUAYTARA,AYAVI
1,08,080602,CORDOVA,HUANCAVELICA,HUAYTARA,CORDOVA
1,08,080603,HUAYACUNDO ARMA,HUANCAVELICA,HUAYTARA,HUAYACUNDO ARMA
1,08,080604,HUAYTARA,HUANCAVELICA,HUAYTARA,HUAYTARA
1,08,080605,LARAMARCA,HUANCAVELICA,HUAYTARA,LARAMARCA
1,08,080606,OCOYO,HUANCAVELICA,HUAYTARA,OCOYO
1,08,080607,PILPICHACA,HUANCAVELICA,HUAYTARA,PILPICHACA
1,08,080608,QUERCO,HUANCAVELICA,HUAYTARA,QUERCO
1,08,080609,QUITO ARMA,HUANCAVELICA,HUAYTARA,QUITO ARMA
1,08,080610,SAN ANTONIO DE CUSICANCHA,HUANCAVELICA,HUAYTARA,SAN ANTONIO DE CUSICANCHA
1,08,080611,SAN FRANCISCO DE SANGAYAICO,HUANCAVELICA,HUAYTARA,SAN FRANCISCO DE SANGAYAICO
1,08,080612,SAN ISIDRO,HUANCAVELICA,HUAYTARA,SAN ISIDRO
1,08,080613,SANTIAGO DE CHOCORVOS,HUANCAVELICA,HUAYTARA,SANTIAGO DE CHOCORVOS
1,08,080614,SANTIAGO DE QUIRAHUARA,HUANCAVELICA,HUAYTARA,SANTIAGO DE QUIRAHUARA
1,08,080615,SANTO DOMINGO DE CAPILLAS,HUANCAVELICA,HUAYTARA,SANTO DOMINGO DE CAPILLAS
1,08,080616,TAMBO,HUANCAVELICA,HUAYTARA,TAMBO
1,08,080701,CHURCAMPA,HUANCAVELICA,CHURCAMPA,CHURCAMPA
1,08,080702,ANCO,HUANCAVELICA,CHURCAMPA,ANCO
1,08,080703,CHINCHIHUASI,HUANCAVELICA,CHURCAMPA,CHINCHIHUASI
1,08,080704,EL CARMEN,HUANCAVELICA,CHURCAMPA,EL CARMEN
1,08,080705,LA MERCED,HUANCAVELICA,CHURCAMPA,LA MERCED
1,08,080706,LOCROJA,HUANCAVELICA,CHURCAMPA,LOCROJA
1,08,080707,PAUCARBAMBA,HUANCAVELICA,CHURCAMPA,PAUCARBAMBA
1,08,080708,SAN MIGUEL DE MAYOCC,HUANCAVELICA,CHURCAMPA,SAN MIGUEL DE MAYOCC
1,08,080709,SAN PEDRO DE CORIS,HUANCAVELICA,CHURCAMPA,SAN PEDRO DE CORIS
1,08,080710,PACHAMARCA,HUANCAVELICA,CHURCAMPA,PACHAMARCA
1,08,080711,COSME,HUANCAVELICA,CHURCAMPA,COSME
1,09,090101,HUANUCO,HUANUCO,HUANUCO,HUANUCO
1,09,090102,CHINCHAO,HUANUCO,HUANUCO,CHINCHAO
1,09,090103,CHURUBAMBA,HUANUCO,HUANUCO,CHURUBAMBA
1,09,090104,MARGOS,HUANUCO,HUANUCO,MARGOS
1,09,090105,QUISQUI,HUANUCO,HUANUCO,QUISQUI
1,09,090106,SAN FRANCISCO DE CAYRAN,HUANUCO,HUANUCO,SAN FRANCISCO DE CAYRAN
1,09,090107,SAN PEDRO DE CHAULAN,HUANUCO,HUANUCO,SAN PEDRO DE CHAULAN
1,09,090108,SANTA MARIA DEL VALLE,HUANUCO,HUANUCO,SANTA MARIA DEL VALLE
1,09,090109,YARUMAYO,HUANUCO,HUANUCO,YARUMAYO
1,09,090110,AMARILIS,HUANUCO,HUANUCO,AMARILIS
1,09,090111,PILLCO MARCA,HUANUCO,HUANUCO,PILLCO MARCA
1,09,090112,YACUS,HUANUCO,HUANUCO,YACUS
1,09,090201,AMBO,HUANUCO,AMBO,AMBO
1,09,090202,CAYNA,HUANUCO,AMBO,CAYNA
1,09,090203,COLPAS,HUANUCO,AMBO,COLPAS
1,09,090204,CONCHAMARCA,HUANUCO,AMBO,CONCHAMARCA
1,09,090205,HUACAR,HUANUCO,AMBO,HUACAR
1,09,090206,SAN FRANCISCO,HUANUCO,AMBO,SAN FRANCISCO
1,09,090207,SAN RAFAEL,HUANUCO,AMBO,SAN RAFAEL
1,09,090208,TOMAY-KICHWA,HUANUCO,AMBO,TOMAY-KICHWA
1,09,090301,LA UNION,HUANUCO,DOS DE MAYO,LA UNION
1,09,090307,CHUQUIS,HUANUCO,DOS DE MAYO,CHUQUIS
1,09,090312,MARIAS,HUANUCO,DOS DE MAYO,MARIAS
1,09,090314,PACHAS,HUANUCO,DOS DE MAYO,PACHAS
1,09,090316,QUIVILLA,HUANUCO,DOS DE MAYO,QUIVILLA
1,09,090317,RIPAN,HUANUCO,DOS DE MAYO,RIPAN
1,09,090321,SHUNQUI,HUANUCO,DOS DE MAYO,SHUNQUI
1,09,090322,SILLAPATA,HUANUCO,DOS DE MAYO,SILLAPATA
1,09,090323,YANAS,HUANUCO,DOS DE MAYO,YANAS
1,09,090401,LLATA,HUANUCO,HUAMALIES,LLATA
1,09,090402,ARANCAY,HUANUCO,HUAMALIES,ARANCAY
1,09,090403,CHAVIN DE PARIARCA,HUANUCO,HUAMALIES,CHAVIN DE PARIARCA
1,09,090404,JACAS GRANDE,HUANUCO,HUAMALIES,JACAS GRANDE
1,09,090405,JIRCAN,HUANUCO,HUAMALIES,JIRCAN
1,09,090406,MIRAFLORES,HUANUCO,HUAMALIES,MIRAFLORES
1,09,090407,MONZON,HUANUCO,HUAMALIES,MONZON
1,09,090408,PUNCHAO,HUANUCO,HUAMALIES,PUNCHAO
1,09,090409,PUÑOS,HUANUCO,HUAMALIES,PUÑOS
1,09,090410,SINGA,HUANUCO,HUAMALIES,SINGA
1,09,090411,TANTAMAYO,HUANUCO,HUAMALIES,TANTAMAYO
1,09,090501,HUACRACHUCO,HUANUCO,MARAÑON,HUACRACHUCO
1,09,090502,CHOLON,HUANUCO,MARAÑON,CHOLON
1,09,090505,SAN BUENAVENTURA,HUANUCO,MARAÑON,SAN BUENAVENTURA
1,09,090601,RUPA-RUPA,HUANUCO,LEONCIO PRADO,RUPA-RUPA
1,09,090602,DANIEL ALOMIA ROBLES,HUANUCO,LEONCIO PRADO,DANIEL ALOMIA ROBLES
1,09,090603,HERMILIO VALDIZAN,HUANUCO,LEONCIO PRADO,HERMILIO VALDIZAN
1,09,090604,LUYANDO,HUANUCO,LEONCIO PRADO,LUYANDO
1,09,090605,MARIANO DAMASO BERAUN,HUANUCO,LEONCIO PRADO,MARIANO DAMASO BERAUN
1,09,090606,JOSE CRESPO Y CASTILLO,HUANUCO,LEONCIO PRADO,JOSE CRESPO Y CASTILLO
1,09,090701,PANAO,HUANUCO,PACHITEA,PANAO
1,09,090702,CHAGLLA,HUANUCO,PACHITEA,CHAGLLA
1,09,090704,MOLINO,HUANUCO,PACHITEA,MOLINO
1,09,090706,UMARI,HUANUCO,PACHITEA,UMARI
1,09,090801,HONORIA,HUANUCO,PUERTO INCA,HONORIA
1,09,090802,PUERTO INCA,HUANUCO,PUERTO INCA,PUERTO INCA
1,09,090803,CODO DEL POZUZO,HUANUCO,PUERTO INCA,CODO DEL POZUZO
1,09,090804,TOURNAVISTA,HUANUCO,PUERTO INCA,TOURNAVISTA
1,09,090805,YUYAPICHIS,HUANUCO,PUERTO INCA,YUYAPICHIS
1,09,090901,HUACAYBAMBA,HUANUCO,HUACAYBAMBA,HUACAYBAMBA
1,09,090902,PINRA,HUANUCO,HUACAYBAMBA,PINRA
1,09,090903,CANCHABAMBA,HUANUCO,HUACAYBAMBA,CANCHABAMBA
1,09,090904,COCHABAMBA,HUANUCO,HUACAYBAMBA,COCHABAMBA
1,09,091001,JESUS,HUANUCO,LAURICOCHA,JESUS
1,09,091002,BAÑOS,HUANUCO,LAURICOCHA,BAÑOS
1,09,091003,SAN FRANCISCO DE ASIS,HUANUCO,LAURICOCHA,SAN FRANCISCO DE ASIS
1,09,091004,QUEROPALCA,HUANUCO,LAURICOCHA,QUEROPALCA
1,09,091005,SAN MIGUEL DE CAURI,HUANUCO,LAURICOCHA,SAN MIGUEL DE CAURI
1,09,091006,RONDOS,HUANUCO,LAURICOCHA,RONDOS
1,09,091007,JIVIA,HUANUCO,LAURICOCHA,JIVIA
1,09,091101,CHAVINILLO,HUANUCO,YAROWILCA,CHAVINILLO
1,09,091102,APARICIO POMARES,HUANUCO,YAROWILCA,APARICIO POMARES
1,09,091103,CAHUAC,HUANUCO,YAROWILCA,CAHUAC
1,09,091104,CHACABAMBA,HUANUCO,YAROWILCA,CHACABAMBA
1,09,091105,JACAS CHICO,HUANUCO,YAROWILCA,JACAS CHICO
1,09,091106,OBAS,HUANUCO,YAROWILCA,OBAS
1,09,091107,PAMPAMARCA,HUANUCO,YAROWILCA,PAMPAMARCA
1,09,091108,CHORAS,HUANUCO,YAROWILCA,CHORAS
1,10,100101,ICA,ICA,ICA,ICA
1,10,100102,LA TINGUIÑA,ICA,ICA,LA TINGUIÑA
1,10,100103,LOS AQUIJES,ICA,ICA,LOS AQUIJES
1,10,100104,PARCONA,ICA,ICA,PARCONA
1,10,100105,PUEBLO NUEVO,ICA,ICA,PUEBLO NUEVO
1,10,100106,SALAS,ICA,ICA,SALAS
1,10,100107,SAN JOSE DE LOS MOLINOS,ICA,ICA,SAN JOSE DE LOS MOLINOS
1,10,100108,SAN JUAN BAUTISTA,ICA,ICA,SAN JUAN BAUTISTA
1,10,100109,SANTIAGO,ICA,ICA,SANTIAGO
1,10,100110,SUBTANJALLA,ICA,ICA,SUBTANJALLA
1,10,100111,YAUCA DEL ROSARIO,ICA,ICA,YAUCA DEL ROSARIO
1,10,100112,TATE,ICA,ICA,TATE
1,10,100113,PACHACUTEC,ICA,ICA,PACHACUTEC
1,10,100114,OCUCAJE,ICA,ICA,OCUCAJE
1,10,100201,CHINCHA ALTA,ICA,CHINCHA,CHINCHA ALTA
1,10,100202,CHAVIN,ICA,CHINCHA,CHAVIN
1,10,100203,CHINCHA BAJA,ICA,CHINCHA,CHINCHA BAJA
1,10,100204,EL CARMEN,ICA,CHINCHA,EL CARMEN
1,10,100205,GROCIO PRADO,ICA,CHINCHA,GROCIO PRADO
1,10,100206,SAN PEDRO DE HUACARPANA,ICA,CHINCHA,SAN PEDRO DE HUACARPANA
1,10,100207,SUNAMPE,ICA,CHINCHA,SUNAMPE
1,10,100208,TAMBO DE MORA,ICA,CHINCHA,TAMBO DE MORA
1,10,100209,ALTO LARAN,ICA,CHINCHA,ALTO LARAN
1,10,100210,PUEBLO NUEVO,ICA,CHINCHA,PUEBLO NUEVO
1,10,100211,SAN JUAN DE YANAC,ICA,CHINCHA,SAN JUAN DE YANAC
1,10,100301,NAZCA,ICA,NAZCA,NAZCA
1,10,100302,CHANGUILLO,ICA,NAZCA,CHANGUILLO
1,10,100303,EL INGENIO,ICA,NAZCA,EL INGENIO
1,10,100304,MARCONA,ICA,NAZCA,MARCONA
1,10,100305,VISTA ALEGRE,ICA,NAZCA,VISTA ALEGRE
1,10,100401,PISCO,ICA,PISCO,PISCO
1,10,100402,HUANCANO,ICA,PISCO,HUANCANO
1,10,100403,HUMAY,ICA,PISCO,HUMAY
1,10,100404,INDEPENDENCIA,ICA,PISCO,INDEPENDENCIA
1,10,100405,PARACAS,ICA,PISCO,PARACAS
1,10,100406,SAN ANDRES,ICA,PISCO,SAN ANDRES
1,10,100407,SAN CLEMENTE,ICA,PISCO,SAN CLEMENTE
1,10,100408,TUPAC AMARU INCA,ICA,PISCO,TUPAC AMARU INCA
1,10,100501,PALPA,ICA,PALPA,PALPA
1,10,100502,LLIPATA,ICA,PALPA,LLIPATA
1,10,100503,RIO GRANDE,ICA,PALPA,RIO GRANDE
1,10,100504,SANTA CRUZ,ICA,PALPA,SANTA CRUZ
1,10,100505,TIBILLO,ICA,PALPA,TIBILLO
1,11,110101,HUANCAYO,JUNIN,HUANCAYO,HUANCAYO
1,11,110103,CARHUACALLANGA,JUNIN,HUANCAYO,CARHUACALLANGA
1,11,110104,COLCA,JUNIN,HUANCAYO,COLCA
1,11,110105,CULLHUAS,JUNIN,HUANCAYO,CULLHUAS
1,11,110106,CHACAPAMPA,JUNIN,HUANCAYO,CHACAPAMPA
1,11,110107,CHICCHE,JUNIN,HUANCAYO,CHICCHE
1,11,110108,CHILCA,JUNIN,HUANCAYO,CHILCA
1,11,110109,CHONGOS ALTO,JUNIN,HUANCAYO,CHONGOS ALTO
1,11,110112,CHUPURO,JUNIN,HUANCAYO,CHUPURO
1,11,110113,EL TAMBO,JUNIN,HUANCAYO,EL TAMBO
1,11,110114,HUACRAPUQUIO,JUNIN,HUANCAYO,HUACRAPUQUIO
1,11,110116,HUALHUAS,JUNIN,HUANCAYO,HUALHUAS
1,11,110118,HUANCAN,JUNIN,HUANCAYO,HUANCAN
1,11,110119,HUASICANCHA,JUNIN,HUANCAYO,HUASICANCHA
1,11,110120,HUAYUCACHI,JUNIN,HUANCAYO,HUAYUCACHI
1,11,110121,INGENIO,JUNIN,HUANCAYO,INGENIO
1,11,110122,PARIAHUANCA,JUNIN,HUANCAYO,PARIAHUANCA
1,11,110123,PILCOMAYO,JUNIN,HUANCAYO,PILCOMAYO
1,11,110124,PUCARA,JUNIN,HUANCAYO,PUCARA
1,11,110125,QUICHUAY,JUNIN,HUANCAYO,QUICHUAY
1,11,110126,QUILCAS,JUNIN,HUANCAYO,QUILCAS
1,11,110127,SAN AGUSTIN,JUNIN,HUANCAYO,SAN AGUSTIN
1,11,110128,SAN JERONIMO DE TUNAN,JUNIN,HUANCAYO,SAN JERONIMO DE TUNAN
1,11,110131,SANTO DOMINGO DE ACOBAMBA,JUNIN,HUANCAYO,SANTO DOMINGO DE ACOBAMBA
1,11,110132,SAÑO,JUNIN,HUANCAYO,SAÑO
1,11,110133,SAPALLANGA,JUNIN,HUANCAYO,SAPALLANGA
1,11,110134,SICAYA,JUNIN,HUANCAYO,SICAYA
1,11,110136,VIQUES,JUNIN,HUANCAYO,VIQUES
1,11,110201,CONCEPCION,JUNIN,CONCEPCION,CONCEPCION
1,11,110202,ACO,JUNIN,CONCEPCION,ACO
1,11,110203,ANDAMARCA,JUNIN,CONCEPCION,ANDAMARCA
1,11,110204,COMAS,JUNIN,CONCEPCION,COMAS
1,11,110205,COCHAS,JUNIN,CONCEPCION,COCHAS
1,11,110206,CHAMBARA,JUNIN,CONCEPCION,CHAMBARA
1,11,110207,HEROINAS TOLEDO,JUNIN,CONCEPCION,HEROINAS TOLEDO
1,11,110208,MANZANARES,JUNIN,CONCEPCION,MANZANARES
1,11,110209,MARISCAL CASTILLA,JUNIN,CONCEPCION,MARISCAL CASTILLA
1,11,110210,MATAHUASI,JUNIN,CONCEPCION,MATAHUASI
1,11,110211,MITO,JUNIN,CONCEPCION,MITO
1,11,110212,NUEVE DE JULIO,JUNIN,CONCEPCION,NUEVE DE JULIO
1,11,110213,ORCOTUNA,JUNIN,CONCEPCION,ORCOTUNA
1,11,110214,SANTA ROSA DE OCOPA,JUNIN,CONCEPCION,SANTA ROSA DE OCOPA
1,11,110215,SAN JOSE DE QUERO,JUNIN,CONCEPCION,SAN JOSE DE QUERO
1,11,110301,JAUJA,JUNIN,JAUJA,JAUJA
1,11,110302,ACOLLA,JUNIN,JAUJA,ACOLLA
1,11,110303,APATA,JUNIN,JAUJA,APATA
1,11,110304,ATAURA,JUNIN,JAUJA,ATAURA
1,11,110305,CANCHAYLLO,JUNIN,JAUJA,CANCHAYLLO
1,11,110306,EL MANTARO,JUNIN,JAUJA,EL MANTARO
1,11,110307,HUAMALI,JUNIN,JAUJA,HUAMALI
1,11,110308,HUARIPAMPA,JUNIN,JAUJA,HUARIPAMPA
1,11,110309,HUERTAS,JUNIN,JAUJA,HUERTAS
1,11,110310,JANJAILLO,JUNIN,JAUJA,JANJAILLO
1,11,110311,JULCAN,JUNIN,JAUJA,JULCAN
1,11,110312,LEONOR ORDOÑEZ,JUNIN,JAUJA,LEONOR ORDOÑEZ
1,11,110313,LLOCLLAPAMPA,JUNIN,JAUJA,LLOCLLAPAMPA
1,11,110314,MARCO,JUNIN,JAUJA,MARCO
1,11,110315,MASMA,JUNIN,JAUJA,MASMA
1,11,110316,MOLINOS,JUNIN,JAUJA,MOLINOS
1,11,110317,MONOBAMBA,JUNIN,JAUJA,MONOBAMBA
1,11,110318,MUQUI,JUNIN,JAUJA,MUQUI
1,11,110319,MUQUIYAUYO,JUNIN,JAUJA,MUQUIYAUYO
1,11,110320,PACA,JUNIN,JAUJA,PACA
1,11,110321,PACCHA,JUNIN,JAUJA,PACCHA
1,11,110322,PANCAN,JUNIN,JAUJA,PANCAN
1,11,110323,PARCO,JUNIN,JAUJA,PARCO
1,11,110324,POMACANCHA,JUNIN,JAUJA,POMACANCHA
1,11,110325,RICRAN,JUNIN,JAUJA,RICRAN
1,11,110326,SAN LORENZO,JUNIN,JAUJA,SAN LORENZO
1,11,110327,SAN PEDRO DE CHUNAN,JUNIN,JAUJA,SAN PEDRO DE CHUNAN
1,11,110328,SINCOS,JUNIN,JAUJA,SINCOS
1,11,110329,TUNAN MARCA,JUNIN,JAUJA,TUNAN MARCA
1,11,110330,YAULI,JUNIN,JAUJA,YAULI
1,11,110331,CURICACA,JUNIN,JAUJA,CURICACA
1,11,110332,MASMA CHICCHE,JUNIN,JAUJA,MASMA CHICCHE
1,11,110333,SAUSA,JUNIN,JAUJA,SAUSA
1,11,110334,YAUYOS,JUNIN,JAUJA,YAUYOS
1,11,110401,JUNIN,JUNIN,JUNIN,JUNIN
1,11,110402,CARHUAMAYO,JUNIN,JUNIN,CARHUAMAYO
1,11,110403,ONDORES,JUNIN,JUNIN,ONDORES
1,11,110404,ULCUMAYO,JUNIN,JUNIN,ULCUMAYO
1,11,110501,TARMA,JUNIN,TARMA,TARMA
1,11,110502,ACOBAMBA,JUNIN,TARMA,ACOBAMBA
1,11,110503,HUARICOLCA,JUNIN,TARMA,HUARICOLCA
1,11,110504,HUASAHUASI,JUNIN,TARMA,HUASAHUASI
1,11,110505,LA UNION,JUNIN,TARMA,LA UNION
1,11,110506,PALCA,JUNIN,TARMA,PALCA
1,11,110507,PALCAMAYO,JUNIN,TARMA,PALCAMAYO
1,11,110508,SAN PEDRO DE CAJAS,JUNIN,TARMA,SAN PEDRO DE CAJAS
1,11,110509,TAPO,JUNIN,TARMA,TAPO
1,11,110601,LA OROYA,JUNIN,YAULI,LA OROYA
1,11,110602,CHACAPALPA,JUNIN,YAULI,CHACAPALPA
1,11,110603,HUAY HUAY,JUNIN,YAULI,HUAY HUAY
1,11,110604,MARCAPOMACOCHA,JUNIN,YAULI,MARCAPOMACOCHA
1,11,110605,MOROCOCHA,JUNIN,YAULI,MOROCOCHA
1,11,110606,PACCHA,JUNIN,YAULI,PACCHA
1,11,110607,SANTA BARBARA DE CARHUACAYAN,JUNIN,YAULI,SANTA BARBARA DE CARHUACAYAN
1,11,110608,SUITUCANCHA,JUNIN,YAULI,SUITUCANCHA
1,11,110609,YAULI,JUNIN,YAULI,YAULI
1,11,110610,SANTA ROSA DE SACCO,JUNIN,YAULI,SANTA ROSA DE SACCO
1,11,110701,SATIPO,JUNIN,SATIPO,SATIPO
1,11,110702,COVIRIALI,JUNIN,SATIPO,COVIRIALI
1,11,110703,LLAYLLA,JUNIN,SATIPO,LLAYLLA
1,11,110704,MAZAMARI,JUNIN,SATIPO,MAZAMARI
1,11,110705,PAMPA HERMOSA,JUNIN,SATIPO,PAMPA HERMOSA
1,11,110706,PANGOA,JUNIN,SATIPO,PANGOA
1,11,110707,RIO NEGRO,JUNIN,SATIPO,RIO NEGRO
1,11,110708,RIO TAMBO,JUNIN,SATIPO,RIO TAMBO
1,11,110801,CHANCHAMAYO,JUNIN,CHANCHAMAYO,CHANCHAMAYO
1,11,110802,SAN RAMON,JUNIN,CHANCHAMAYO,SAN RAMON
1,11,110803,VITOC,JUNIN,CHANCHAMAYO,VITOC
1,11,110804,SAN LUIS DE SHUARO,JUNIN,CHANCHAMAYO,SAN LUIS DE SHUARO
1,11,110805,PICHANAQUI,JUNIN,CHANCHAMAYO,PICHANAQUI
1,11,110806,PERENE,JUNIN,CHANCHAMAYO,PERENE
1,11,110901,CHUPACA,JUNIN,CHUPACA,CHUPACA
1,11,110902,AHUAC,JUNIN,CHUPACA,AHUAC
1,11,110903,CHONGOS BAJO,JUNIN,CHUPACA,CHONGOS BAJO
1,11,110904,HUACHAC,JUNIN,CHUPACA,HUACHAC
1,11,110905,HUAMANCACA CHICO,JUNIN,CHUPACA,HUAMANCACA CHICO
1,11,110906,SAN JUAN DE YSCOS,JUNIN,CHUPACA,SAN JUAN DE YSCOS
1,11,110907,SAN JUAN DE JARPA,JUNIN,CHUPACA,SAN JUAN DE JARPA
1,11,110908,TRES DE DICIEMBRE,JUNIN,CHUPACA,TRES DE DICIEMBRE
1,11,110909,YANACANCHA,JUNIN,CHUPACA,YANACANCHA
1,12,120101,TRUJILLO,LA LIBERTAD,TRUJILLO,TRUJILLO
1,12,120102,HUANCHACO,LA LIBERTAD,TRUJILLO,HUANCHACO
1,12,120103,LAREDO,LA LIBERTAD,TRUJILLO,LAREDO
1,12,120104,MOCHE,LA LIBERTAD,TRUJILLO,MOCHE
1,12,120105,SALAVERRY,LA LIBERTAD,TRUJILLO,SALAVERRY
1,12,120106,SIMBAL,LA LIBERTAD,TRUJILLO,SIMBAL
1,12,120107,VICTOR LARCO HERRERA,LA LIBERTAD,TRUJILLO,VICTOR LARCO HERRERA
1,12,120109,POROTO,LA LIBERTAD,TRUJILLO,POROTO
1,12,120110,EL PORVENIR,LA LIBERTAD,TRUJILLO,EL PORVENIR
1,12,120111,LA ESPERANZA,LA LIBERTAD,TRUJILLO,LA ESPERANZA
1,12,120112,FLORENCIA DE MORA,LA LIBERTAD,TRUJILLO,FLORENCIA DE MORA
1,12,120201,BOLIVAR,LA LIBERTAD,BOLIVAR,BOLIVAR
1,12,120202,BAMBAMARCA,LA LIBERTAD,BOLIVAR,BAMBAMARCA
1,12,120203,CONDORMARCA,LA LIBERTAD,BOLIVAR,CONDORMARCA
1,12,120204,LONGOTEA,LA LIBERTAD,BOLIVAR,LONGOTEA
1,12,120205,UCUNCHA,LA LIBERTAD,BOLIVAR,UCUNCHA
1,12,120206,UCHUMARCA,LA LIBERTAD,BOLIVAR,UCHUMARCA
1,12,120301,HUAMACHUCO,LA LIBERTAD,SANCHEZ CARRION,HUAMACHUCO
1,12,120302,COCHORCO,LA LIBERTAD,SANCHEZ CARRION,COCHORCO
1,12,120303,CURGOS,LA LIBERTAD,SANCHEZ CARRION,CURGOS
1,12,120304,CHUGAY,LA LIBERTAD,SANCHEZ CARRION,CHUGAY
1,12,120305,MARCABAL,LA LIBERTAD,SANCHEZ CARRION,MARCABAL
1,12,120306,SANAGORAN,LA LIBERTAD,SANCHEZ CARRION,SANAGORAN
1,12,120307,SARIN,LA LIBERTAD,SANCHEZ CARRION,SARIN
1,12,120308,SARTIMBAMBA,LA LIBERTAD,SANCHEZ CARRION,SARTIMBAMBA
1,12,120401,OTUZCO,LA LIBERTAD,OTUZCO,OTUZCO
1,12,120402,AGALLPAMPA,LA LIBERTAD,OTUZCO,AGALLPAMPA
1,12,120403,CHARAT,LA LIBERTAD,OTUZCO,CHARAT
1,12,120404,HUARANCHAL,LA LIBERTAD,OTUZCO,HUARANCHAL
1,12,120405,LA CUESTA,LA LIBERTAD,OTUZCO,LA CUESTA
1,12,120408,PARANDAY,LA LIBERTAD,OTUZCO,PARANDAY
1,12,120409,SALPO,LA LIBERTAD,OTUZCO,SALPO
1,12,120410,SINSICAP,LA LIBERTAD,OTUZCO,SINSICAP
1,12,120411,USQUIL,LA LIBERTAD,OTUZCO,USQUIL
1,12,120413,MACHE,LA LIBERTAD,OTUZCO,MACHE
1,12,120501,SAN PEDRO DE LLOC,LA LIBERTAD,PACASMAYO,SAN PEDRO DE LLOC
1,12,120503,GUADALUPE,LA LIBERTAD,PACASMAYO,GUADALUPE
1,12,120504,JEQUETEPEQUE,LA LIBERTAD,PACASMAYO,JEQUETEPEQUE
1,12,120506,PACASMAYO,LA LIBERTAD,PACASMAYO,PACASMAYO
1,12,120508,SAN JOSE,LA LIBERTAD,PACASMAYO,SAN JOSE
1,12,120601,TAYABAMBA,LA LIBERTAD,PATAZ,TAYABAMBA
1,12,120602,BULDIBUYO,LA LIBERTAD,PATAZ,BULDIBUYO
1,12,120603,CHILLIA,LA LIBERTAD,PATAZ,CHILLIA
1,12,120604,HUAYLILLAS,LA LIBERTAD,PATAZ,HUAYLILLAS
1,12,120605,HUANCASPATA,LA LIBERTAD,PATAZ,HUANCASPATA
1,12,120606,HUAYO,LA LIBERTAD,PATAZ,HUAYO
1,12,120607,ONGON,LA LIBERTAD,PATAZ,ONGON
1,12,120608,PARCOY,LA LIBERTAD,PATAZ,PARCOY
1,12,120609,PATAZ,LA LIBERTAD,PATAZ,PATAZ
1,12,120610,PIAS,LA LIBERTAD,PATAZ,PIAS
1,12,120611,TAURIJA,LA LIBERTAD,PATAZ,TAURIJA
1,12,120612,URPAY,LA LIBERTAD,PATAZ,URPAY
1,12,120613,SANTIAGO DE CHALLAS,LA LIBERTAD,PATAZ,SANTIAGO DE CHALLAS
1,12,120701,SANTIAGO DE CHUCO,LA LIBERTAD,SANTIAGO DE CHUCO,SANTIAGO DE CHUCO
1,12,120702,CACHICADAN,LA LIBERTAD,SANTIAGO DE CHUCO,CACHICADAN
1,12,120703,MOLLEBAMBA,LA LIBERTAD,SANTIAGO DE CHUCO,MOLLEBAMBA
1,12,120704,MOLLEPATA,LA LIBERTAD,SANTIAGO DE CHUCO,MOLLEPATA
1,12,120705,QUIRUVILCA,LA LIBERTAD,SANTIAGO DE CHUCO,QUIRUVILCA
1,12,120706,SANTA CRUZ DE CHUCA,LA LIBERTAD,SANTIAGO DE CHUCO,SANTA CRUZ DE CHUCA
1,12,120707,SITABAMBA,LA LIBERTAD,SANTIAGO DE CHUCO,SITABAMBA
1,12,120708,ANGASMARCA,LA LIBERTAD,SANTIAGO DE CHUCO,ANGASMARCA
1,12,120801,ASCOPE,LA LIBERTAD,ASCOPE,ASCOPE
1,12,120802,CHICAMA,LA LIBERTAD,ASCOPE,CHICAMA
1,12,120803,CHOCOPE,LA LIBERTAD,ASCOPE,CHOCOPE
1,12,120804,SANTIAGO DE CAO,LA LIBERTAD,ASCOPE,SANTIAGO DE CAO
1,12,120805,MAGDALENA DE CAO,LA LIBERTAD,ASCOPE,MAGDALENA DE CAO
1,12,120806,PAIJAN,LA LIBERTAD,ASCOPE,PAIJAN
1,12,120807,RAZURI,LA LIBERTAD,ASCOPE,RAZURI
1,12,120808,CASA GRANDE,LA LIBERTAD,ASCOPE,CASA GRANDE
1,12,120901,CHEPEN,LA LIBERTAD,CHEPEN,CHEPEN
1,12,120902,PACANGA,LA LIBERTAD,CHEPEN,PACANGA
1,12,120903,PUEBLO NUEVO,LA LIBERTAD,CHEPEN,PUEBLO NUEVO
1,12,121001,JULCAN,LA LIBERTAD,JULCAN,JULCAN
1,12,121002,CARABAMBA,LA LIBERTAD,JULCAN,CARABAMBA
1,12,121003,CALAMARCA,LA LIBERTAD,JULCAN,CALAMARCA
1,12,121004,HUASO,LA LIBERTAD,JULCAN,HUASO
1,12,121101,CASCAS,LA LIBERTAD,GRAN CHIMU,CASCAS
1,12,121102,LUCMA,LA LIBERTAD,GRAN CHIMU,LUCMA
1,12,121103,MARMOT,LA LIBERTAD,GRAN CHIMU,MARMOT
1,12,121104,SAYAPULLO,LA LIBERTAD,GRAN CHIMU,SAYAPULLO
1,12,121201,VIRU,LA LIBERTAD,VIRU,VIRU
1,12,121202,CHAO,LA LIBERTAD,VIRU,CHAO
1,12,121203,GUADALUPITO,LA LIBERTAD,VIRU,GUADALUPITO
1,13,130101,CHICLAYO,LAMBAYEQUE,CHICLAYO,CHICLAYO
1,13,130102,CHONGOYAPE,LAMBAYEQUE,CHICLAYO,CHONGOYAPE
1,13,130103,ETEN,LAMBAYEQUE,CHICLAYO,ETEN
1,13,130104,ETEN PUERTO,LAMBAYEQUE,CHICLAYO,ETEN PUERTO
1,13,130105,LAGUNAS,LAMBAYEQUE,CHICLAYO,LAGUNAS
1,13,130106,MONSEFU,LAMBAYEQUE,CHICLAYO,MONSEFU
1,13,130107,NUEVA ARICA,LAMBAYEQUE,CHICLAYO,NUEVA ARICA
1,13,130108,OYOTUN,LAMBAYEQUE,CHICLAYO,OYOTUN
1,13,130109,PICSI,LAMBAYEQUE,CHICLAYO,PICSI
1,13,130110,PIMENTEL,LAMBAYEQUE,CHICLAYO,PIMENTEL
1,13,130111,REQUE,LAMBAYEQUE,CHICLAYO,REQUE
1,13,130112,JOSE LEONARDO ORTIZ,LAMBAYEQUE,CHICLAYO,JOSE LEONARDO ORTIZ
1,13,130113,SANTA ROSA,LAMBAYEQUE,CHICLAYO,SANTA ROSA
1,13,130114,SAÑA,LAMBAYEQUE,CHICLAYO,SAÑA
1,13,130115,LA VICTORIA,LAMBAYEQUE,CHICLAYO,LA VICTORIA
1,13,130116,CAYALTI,LAMBAYEQUE,CHICLAYO,CAYALTI
1,13,130117,PATAPO,LAMBAYEQUE,CHICLAYO,PATAPO
1,13,130118,POMALCA,LAMBAYEQUE,CHICLAYO,POMALCA
1,13,130119,PUCALA,LAMBAYEQUE,CHICLAYO,PUCALA
1,13,130120,TUMAN,LAMBAYEQUE,CHICLAYO,TUMAN
1,13,130201,FERREÑAFE,LAMBAYEQUE,FERREÑAFE,FERREÑAFE
1,13,130202,INCAHUASI,LAMBAYEQUE,FERREÑAFE,INCAHUASI
1,13,130203,CAÑARIS,LAMBAYEQUE,FERREÑAFE,CAÑARIS
1,13,130204,PITIPO,LAMBAYEQUE,FERREÑAFE,PITIPO
1,13,130205,PUEBLO NUEVO,LAMBAYEQUE,FERREÑAFE,PUEBLO NUEVO
1,13,130206,MANUEL ANTONIO MESONES MURO,LAMBAYEQUE,FERREÑAFE,MANUEL ANTONIO MESONES MURO
1,13,130301,LAMBAYEQUE,LAMBAYEQUE,LAMBAYEQUE,LAMBAYEQUE
1,13,130302,CHOCHOPE,LAMBAYEQUE,LAMBAYEQUE,CHOCHOPE
1,13,130303,ILLIMO,LAMBAYEQUE,LAMBAYEQUE,ILLIMO
1,13,130304,JAYANCA,LAMBAYEQUE,LAMBAYEQUE,JAYANCA
1,13,130305,MOCHUMI,LAMBAYEQUE,LAMBAYEQUE,MOCHUMI
1,13,130306,MORROPE,LAMBAYEQUE,LAMBAYEQUE,MORROPE
1,13,130307,MOTUPE,LAMBAYEQUE,LAMBAYEQUE,MOTUPE
1,13,130308,OLMOS,LAMBAYEQUE,LAMBAYEQUE,OLMOS
1,13,130309,PACORA,LAMBAYEQUE,LAMBAYEQUE,PACORA
1,13,130310,SALAS,LAMBAYEQUE,LAMBAYEQUE,SALAS
1,13,130311,SAN JOSE,LAMBAYEQUE,LAMBAYEQUE,SAN JOSE
1,13,130312,TUCUME,LAMBAYEQUE,LAMBAYEQUE,TUCUME
1,14,140101,LIMA,LIMA,LIMA,LIMA
1,14,140102,ANCON,LIMA,LIMA,ANCON
1,14,140103,ATE,LIMA,LIMA,ATE
1,14,140104,BREÑA,LIMA,LIMA,BREÑA
1,14,140105,CARABAYLLO,LIMA,LIMA,CARABAYLLO
1,14,140106,COMAS,LIMA,LIMA,COMAS
1,14,140107,CHACLACAYO,LIMA,LIMA,CHACLACAYO
1,14,140108,CHORRILLOS,LIMA,LIMA,CHORRILLOS
1,14,140109,LA VICTORIA,LIMA,LIMA,LA VICTORIA
1,14,140110,LA MOLINA,LIMA,LIMA,LA MOLINA
1,14,140111,LINCE,LIMA,LIMA,LINCE
1,14,140112,LURIGANCHO,LIMA,LIMA,LURIGANCHO
1,14,140113,LURIN,LIMA,LIMA,LURIN
1,14,140114,MAGDALENA DEL MAR,LIMA,LIMA,MAGDALENA DEL MAR
1,14,140115,MIRAFLORES,LIMA,LIMA,MIRAFLORES
1,14,140116,PACHACAMAC,LIMA,LIMA,PACHACAMAC
1,14,140117,PUEBLO LIBRE,LIMA,LIMA,PUEBLO LIBRE
1,14,140118,PUCUSANA,LIMA,LIMA,PUCUSANA
1,14,140119,PUENTE PIEDRA,LIMA,LIMA,PUENTE PIEDRA
1,14,140120,PUNTA HERMOSA,LIMA,LIMA,PUNTA HERMOSA
1,14,140121,PUNTA NEGRA,LIMA,LIMA,PUNTA NEGRA
1,14,140122,RIMAC,LIMA,LIMA,RIMAC
1,14,140123,SAN BARTOLO,LIMA,LIMA,SAN BARTOLO
1,14,140124,SAN ISIDRO,LIMA,LIMA,SAN ISIDRO
1,14,140125,BARRANCO,LIMA,LIMA,BARRANCO
1,14,140126,SAN MARTIN DE PORRES,LIMA,LIMA,SAN MARTIN DE PORRES
1,14,140127,SAN MIGUEL,LIMA,LIMA,SAN MIGUEL
1,14,140128,SANTA MARIA DEL MAR,LIMA,LIMA,SANTA MARIA DEL MAR
1,14,140129,SANTA ROSA,LIMA,LIMA,SANTA ROSA
1,14,140130,SANTIAGO DE SURCO,LIMA,LIMA,SANTIAGO DE SURCO
1,14,140131,SURQUILLO,LIMA,LIMA,SURQUILLO
1,14,140132,VILLA MARIA DEL TRIUNFO,LIMA,LIMA,VILLA MARIA DEL TRIUNFO
1,14,140133,JESUS MARIA,LIMA,LIMA,JESUS MARIA
1,14,140134,INDEPENDENCIA,LIMA,LIMA,INDEPENDENCIA
1,14,140135,EL AGUSTINO,LIMA,LIMA,EL AGUSTINO
1,14,140136,SAN JUAN DE MIRAFLORES,LIMA,LIMA,SAN JUAN DE MIRAFLORES
1,14,140137,SAN JUAN DE LURIGANCHO,LIMA,LIMA,SAN JUAN DE LURIGANCHO
1,14,140138,SAN LUIS,LIMA,LIMA,SAN LUIS
1,14,140139,CIENEGUILLA,LIMA,LIMA,CIENEGUILLA
1,14,140140,SAN BORJA,LIMA,LIMA,SAN BORJA
1,14,140141,VILLA EL SALVADOR,LIMA,LIMA,VILLA EL SALVADOR
1,14,140142,LOS OLIVOS,LIMA,LIMA,LOS OLIVOS
1,14,140143,SANTA ANITA,LIMA,LIMA,SANTA ANITA
1,14,140201,CAJATAMBO,LIMA,CAJATAMBO,CAJATAMBO
1,14,140205,COPA,LIMA,CAJATAMBO,COPA
1,14,140206,GORGOR,LIMA,CAJATAMBO,GORGOR
1,14,140207,HUANCAPON,LIMA,CAJATAMBO,HUANCAPON
1,14,140208,MANAS,LIMA,CAJATAMBO,MANAS
1,14,140301,CANTA,LIMA,CANTA,CANTA
1,14,140302,ARAHUAY,LIMA,CANTA,ARAHUAY
1,14,140303,HUAMANTANGA,LIMA,CANTA,HUAMANTANGA
1,14,140304,HUAROS,LIMA,CANTA,HUAROS
1,14,140305,LACHAQUI,LIMA,CANTA,LACHAQUI
1,14,140306,SAN BUENAVENTURA,LIMA,CANTA,SAN BUENAVENTURA
1,14,140307,SANTA ROSA DE QUIVES,LIMA,CANTA,SANTA ROSA DE QUIVES
1,14,140401,SAN VICENTE DE CAÑETE,LIMA,CAÑETE,SAN VICENTE DE CAÑETE
1,14,140402,CALANGO,LIMA,CAÑETE,CALANGO
1,14,140403,CERRO AZUL,LIMA,CAÑETE,CERRO AZUL
1,14,140404,COAYLLO,LIMA,CAÑETE,COAYLLO
1,14,140405,CHILCA,LIMA,CAÑETE,CHILCA
1,14,140406,IMPERIAL,LIMA,CAÑETE,IMPERIAL
1,14,140407,LUNAHUANA,LIMA,CAÑETE,LUNAHUANA
1,14,140408,MALA,LIMA,CAÑETE,MALA
1,14,140409,NUEVO IMPERIAL,LIMA,CAÑETE,NUEVO IMPERIAL
1,14,140410,PACARAN,LIMA,CAÑETE,PACARAN
1,14,140411,QUILMANA,LIMA,CAÑETE,QUILMANA
1,14,140412,SAN ANTONIO,LIMA,CAÑETE,SAN ANTONIO
1,14,140413,SAN LUIS,LIMA,CAÑETE,SAN LUIS
1,14,140414,SANTA CRUZ DE FLORES,LIMA,CAÑETE,SANTA CRUZ DE FLORES
1,14,140415,ZUÑIGA,LIMA,CAÑETE,ZUÑIGA
1,14,140416,ASIA,LIMA,CAÑETE,ASIA
1,14,140501,HUACHO,LIMA,HUAURA,HUACHO
1,14,140502,AMBAR,LIMA,HUAURA,AMBAR
1,14,140504,CALETA DE CARQUIN,LIMA,HUAURA,CALETA DE CARQUIN
1,14,140505,CHECRAS,LIMA,HUAURA,CHECRAS
1,14,140506,HUALMAY,LIMA,HUAURA,HUALMAY
1,14,140507,HUAURA,LIMA,HUAURA,HUAURA
1,14,140508,LEONCIO PRADO,LIMA,HUAURA,LEONCIO PRADO
1,14,140509,PACCHO,LIMA,HUAURA,PACCHO
1,14,140511,SANTA LEONOR,LIMA,HUAURA,SANTA LEONOR
1,14,140512,SANTA MARIA,LIMA,HUAURA,SANTA MARIA
1,14,140513,SAYAN,LIMA,HUAURA,SAYAN
1,14,140516,VEGUETA,LIMA,HUAURA,VEGUETA
1,14,140601,MATUCANA,LIMA,HUAROCHIRI,MATUCANA
1,14,140602,ANTIOQUIA,LIMA,HUAROCHIRI,ANTIOQUIA
1,14,140603,CALLAHUANCA,LIMA,HUAROCHIRI,CALLAHUANCA
1,14,140604,CARAMPOMA,LIMA,HUAROCHIRI,CARAMPOMA
1,14,140605,CASTA,LIMA,HUAROCHIRI,CASTA
1,14,140606,SAN JOSE DE LOS CHORRILLOS,LIMA,HUAROCHIRI,SAN JOSE DE LOS CHORRILLOS
1,14,140607,CHICLA,LIMA,HUAROCHIRI,CHICLA
1,14,140608,HUANZA,LIMA,HUAROCHIRI,HUANZA
1,14,140609,HUAROCHIRI,LIMA,HUAROCHIRI,HUAROCHIRI
1,14,140610,LAHUAYTAMBO,LIMA,HUAROCHIRI,LAHUAYTAMBO
1,14,140611,LANGA,LIMA,HUAROCHIRI,LANGA
1,14,140612,MARIATANA,LIMA,HUAROCHIRI,MARIATANA
1,14,140613,RICARDO PALMA,LIMA,HUAROCHIRI,RICARDO PALMA
1,14,140614,SAN ANDRES DE TUPICOCHA,LIMA,HUAROCHIRI,SAN ANDRES DE TUPICOCHA
1,14,140615,SAN ANTONIO,LIMA,HUAROCHIRI,SAN ANTONIO
1,14,140616,SAN BARTOLOME,LIMA,HUAROCHIRI,SAN BARTOLOME
1,14,140617,SAN DAMIAN,LIMA,HUAROCHIRI,SAN DAMIAN
1,14,140618,SANGALLAYA,LIMA,HUAROCHIRI,SANGALLAYA
1,14,140619,SAN JUAN DE TANTARANCHE,LIMA,HUAROCHIRI,SAN JUAN DE TANTARANCHE
1,14,140620,SAN LORENZO DE QUINTI,LIMA,HUAROCHIRI,SAN LORENZO DE QUINTI
1,14,140621,SAN MATEO,LIMA,HUAROCHIRI,SAN MATEO
1,14,140622,SAN MATEO DE OTAO,LIMA,HUAROCHIRI,SAN MATEO DE OTAO
1,14,140623,SAN PEDRO DE HUANCAYRE,LIMA,HUAROCHIRI,SAN PEDRO DE HUANCAYRE
1,14,140624,SANTA CRUZ DE COCACHACRA,LIMA,HUAROCHIRI,SANTA CRUZ DE COCACHACRA
1,14,140625,SANTA EULALIA,LIMA,HUAROCHIRI,SANTA EULALIA
1,14,140626,SANTIAGO DE ANCHUCAYA,LIMA,HUAROCHIRI,SANTIAGO DE ANCHUCAYA
1,14,140627,SANTIAGO DE TUNA,LIMA,HUAROCHIRI,SANTIAGO DE TUNA
1,14,140628,SANTO DOMINGO DE LOS OLLEROS,LIMA,HUAROCHIRI,SANTO DOMINGO DE LOS OLLEROS
1,14,140629,SURCO,LIMA,HUAROCHIRI,SURCO
1,14,140630,HUACHUPAMPA,LIMA,HUAROCHIRI,HUACHUPAMPA
1,14,140631,LARAOS,LIMA,HUAROCHIRI,LARAOS
1,14,140632,SAN JUAN DE IRIS,LIMA,HUAROCHIRI,SAN JUAN DE IRIS
1,14,140701,YAUYOS,LIMA,YAUYOS,YAUYOS
1,14,140702,ALIS,LIMA,YAUYOS,ALIS
1,14,140703,ALLAUCA,LIMA,YAUYOS,ALLAUCA
1,14,140704,AYAVIRI,LIMA,YAUYOS,AYAVIRI
1,14,140705,AZANGARO,LIMA,YAUYOS,AZANGARO
1,14,140706,CACRA,LIMA,YAUYOS,CACRA
1,14,140707,CARANIA,LIMA,YAUYOS,CARANIA
1,14,140708,COCHAS,LIMA,YAUYOS,COCHAS
1,14,140709,COLONIA,LIMA,YAUYOS,COLONIA
1,14,140710,CHOCOS,LIMA,YAUYOS,CHOCOS
1,14,140711,HUAMPARA,LIMA,YAUYOS,HUAMPARA
1,14,140712,HUANCAYA,LIMA,YAUYOS,HUANCAYA
1,14,140713,HUANGASCAR,LIMA,YAUYOS,HUANGASCAR
1,14,140714,HUANTAN,LIMA,YAUYOS,HUANTAN
1,14,140715,HUAÑEC,LIMA,YAUYOS,HUAÑEC
1,14,140716,LARAOS,LIMA,YAUYOS,LARAOS
1,14,140717,LINCHA,LIMA,YAUYOS,LINCHA
1,14,140718,MIRAFLORES,LIMA,YAUYOS,MIRAFLORES
1,14,140719,OMAS,LIMA,YAUYOS,OMAS
1,14,140720,QUINCHES,LIMA,YAUYOS,QUINCHES
1,14,140721,QUINOCAY,LIMA,YAUYOS,QUINOCAY
1,14,140722,SAN JOAQUIN,LIMA,YAUYOS,SAN JOAQUIN
1,14,140723,SAN PEDRO DE PILAS,LIMA,YAUYOS,SAN PEDRO DE PILAS
1,14,140724,TANTA,LIMA,YAUYOS,TANTA
1,14,140725,TAURIPAMPA,LIMA,YAUYOS,TAURIPAMPA
1,14,140726,TUPE,LIMA,YAUYOS,TUPE
1,14,140727,TOMAS,LIMA,YAUYOS,TOMAS
1,14,140728,VIÑAC,LIMA,YAUYOS,VIÑAC
1,14,140729,VITIS,LIMA,YAUYOS,VITIS
1,14,140730,HONGOS,LIMA,YAUYOS,HONGOS
1,14,140731,MADEAN,LIMA,YAUYOS,MADEAN
1,14,140732,PUTINZA,LIMA,YAUYOS,PUTINZA
1,14,140733,CATAHUASI,LIMA,YAUYOS,CATAHUASI
1,14,140801,HUARAL,LIMA,HUARAL,HUARAL
1,14,140802,ATAVILLOS ALTO,LIMA,HUARAL,ATAVILLOS ALTO
1,14,140803,ATAVILLOS BAJO,LIMA,HUARAL,ATAVILLOS BAJO
1,14,140804,AUCALLAMA,LIMA,HUARAL,AUCALLAMA
1,14,140805,CHANCAY,LIMA,HUARAL,CHANCAY
1,14,140806,IHUARI,LIMA,HUARAL,IHUARI
1,14,140807,LAMPIAN,LIMA,HUARAL,LAMPIAN
1,14,140808,PACARAOS,LIMA,HUARAL,PACARAOS
1,14,140809,SAN MIGUEL DE ACOS,LIMA,HUARAL,SAN MIGUEL DE ACOS
1,14,140810,VEINTISIETE DE NOVIEMBRE,LIMA,HUARAL,VEINTISIETE DE NOVIEMBRE
1,14,140811,SANTA CRUZ DE ANDAMARCA,LIMA,HUARAL,SANTA CRUZ DE ANDAMARCA
1,14,140812,SUMBILCA,LIMA,HUARAL,SUMBILCA
1,14,140901,BARRANCA,LIMA,BARRANCA,BARRANCA
1,14,140902,PARAMONGA,LIMA,BARRANCA,PARAMONGA
1,14,140903,PATIVILCA,LIMA,BARRANCA,PATIVILCA
1,14,140904,SUPE,LIMA,BARRANCA,SUPE
1,14,140905,SUPE PUERTO,LIMA,BARRANCA,SUPE PUERTO
1,14,141001,OYON,LIMA,OYON,OYON
1,14,141002,NAVAN,LIMA,OYON,NAVAN
1,14,141003,CAUJUL,LIMA,OYON,CAUJUL
1,14,141004,ANDAJES,LIMA,OYON,ANDAJES
1,14,141005,PACHANGARA,LIMA,OYON,PACHANGARA
1,14,141006,COCHAMARCA,LIMA,OYON,COCHAMARCA
1,15,150101,IQUITOS,LORETO,MAYNAS,IQUITOS
1,15,150102,ALTO NANAY,LORETO,MAYNAS,ALTO NANAY
1,15,150103,FERNANDO LORES,LORETO,MAYNAS,FERNANDO LORES
1,15,150104,LAS AMAZONAS,LORETO,MAYNAS,LAS AMAZONAS
1,15,150105,MAZAN,LORETO,MAYNAS,MAZAN
1,15,150106,NAPO,LORETO,MAYNAS,NAPO
1,15,150107,PUTUMAYO,LORETO,MAYNAS,PUTUMAYO
1,15,150108,TORRES CAUSANA,LORETO,MAYNAS,TORRES CAUSANA
1,15,150110,INDIANA,LORETO,MAYNAS,INDIANA
1,15,150111,PUNCHANA,LORETO,MAYNAS,PUNCHANA
1,15,150112,BELEN,LORETO,MAYNAS,BELEN
1,15,150113,SAN JUAN BAUTISTA,LORETO,MAYNAS,SAN JUAN BAUTISTA
1,15,150114,TENIENTE MANUEL CLAVERO,LORETO,MAYNAS,TENIENTE MANUEL CLAVERO
1,15,150201,YURIMAGUAS,LORETO,ALTO AMAZONAS,YURIMAGUAS
1,15,150202,BALSAPUERTO,LORETO,ALTO AMAZONAS,BALSAPUERTO
1,15,150205,JEBEROS,LORETO,ALTO AMAZONAS,JEBEROS
1,15,150206,LAGUNAS,LORETO,ALTO AMAZONAS,LAGUNAS
1,15,150210,SANTA CRUZ,LORETO,ALTO AMAZONAS,SANTA CRUZ
1,15,150211,TENIENTE CESAR LOPEZ ROJAS,LORETO,ALTO AMAZONAS,TENIENTE CESAR LOPEZ ROJAS
1,15,150301,NAUTA,LORETO,LORETO,NAUTA
1,15,150302,PARINARI,LORETO,LORETO,PARINARI
1,15,150303,TIGRE,LORETO,LORETO,TIGRE
1,15,150304,URARINAS,LORETO,LORETO,URARINAS
1,15,150305,TROMPETEROS,LORETO,LORETO,TROMPETEROS
1,15,150401,REQUENA,LORETO,REQUENA,REQUENA
1,15,150402,ALTO TAPICHE,LORETO,REQUENA,ALTO TAPICHE
1,15,150403,CAPELO,LORETO,REQUENA,CAPELO
1,15,150404,EMILIO SAN MARTIN,LORETO,REQUENA,EMILIO SAN MARTIN
1,15,150405,MAQUIA,LORETO,REQUENA,MAQUIA
1,15,150406,PUINAHUA,LORETO,REQUENA,PUINAHUA
1,15,150407,SAQUENA,LORETO,REQUENA,SAQUENA
1,15,150408,SOPLIN,LORETO,REQUENA,SOPLIN
1,15,150409,TAPICHE,LORETO,REQUENA,TAPICHE
1,15,150410,JENARO HERRERA,LORETO,REQUENA,JENARO HERRERA
1,15,150411,YAQUERANA,LORETO,REQUENA,YAQUERANA
1,15,150501,CONTAMANA,LORETO,UCAYALI,CONTAMANA
1,15,150502,VARGAS GUERRA,LORETO,UCAYALI,VARGAS GUERRA
1,15,150503,PADRE MARQUEZ,LORETO,UCAYALI,PADRE MARQUEZ
1,15,150504,PAMPA HERMOSA,LORETO,UCAYALI,PAMPA HERMOSA
1,15,150505,SARAYACU,LORETO,UCAYALI,SARAYACU
1,15,150506,INAHUAYA,LORETO,UCAYALI,INAHUAYA
1,15,150601,RAMON CASTILLA,LORETO,MARISCAL RAMON CASTILLA,RAMON CASTILLA
1,15,150602,PEBAS,LORETO,MARISCAL RAMON CASTILLA,PEBAS
1,15,150603,YAVARI,LORETO,MARISCAL RAMON CASTILLA,YAVARI
1,15,150604,SAN PABLO,LORETO,MARISCAL RAMON CASTILLA,SAN PABLO
1,15,150701,BARRANCA,LORETO,DATEM DEL MARAÑON,BARRANCA
1,15,150702,ANDOAS,LORETO,DATEM DEL MARAÑON,ANDOAS
1,15,150703,CAHUAPANAS,LORETO,DATEM DEL MARAÑON,CAHUAPANAS
1,15,150704,MANSERICHE,LORETO,DATEM DEL MARAÑON,MANSERICHE
1,15,150705,MORONA,LORETO,DATEM DEL MARAÑON,MORONA
1,15,150706,PASTAZA,LORETO,DATEM DEL MARAÑON,PASTAZA
1,16,160101,TAMBOPATA,MADRE DE DIOS,TAMBOPATA,TAMBOPATA
1,16,160102,INAMBARI,MADRE DE DIOS,TAMBOPATA,INAMBARI
1,16,160103,LAS PIEDRAS,MADRE DE DIOS,TAMBOPATA,LAS PIEDRAS
1,16,160104,LABERINTO,MADRE DE DIOS,TAMBOPATA,LABERINTO
1,16,160201,MANU,MADRE DE DIOS,MANU,MANU
1,16,160202,FITZCARRALD,MADRE DE DIOS,MANU,FITZCARRALD
1,16,160203,MADRE DE DIOS,MADRE DE DIOS,MANU,MADRE DE DIOS
1,16,160204,HUEPETUHE,MADRE DE DIOS,MANU,HUEPETUHE
1,16,160301,IÑAPARI,MADRE DE DIOS,TAHUAMANU,IÑAPARI
1,16,160302,IBERIA,MADRE DE DIOS,TAHUAMANU,IBERIA
1,16,160303,TAHUAMANU,MADRE DE DIOS,TAHUAMANU,TAHUAMANU
1,17,170101,MOQUEGUA,MOQUEGUA,MARISCAL NIETO,MOQUEGUA
1,17,170102,CARUMAS,MOQUEGUA,MARISCAL NIETO,CARUMAS
1,17,170103,CUCHUMBAYA,MOQUEGUA,MARISCAL NIETO,CUCHUMBAYA
1,17,170104,SAN CRISTOBAL,MOQUEGUA,MARISCAL NIETO,SAN CRISTOBAL
1,17,170105,TORATA,MOQUEGUA,MARISCAL NIETO,TORATA
1,17,170106,SAMEGUA,MOQUEGUA,MARISCAL NIETO,SAMEGUA
1,17,170201,OMATE,MOQUEGUA,GENERAL SANCHEZ CERRO,OMATE
1,17,170202,COALAQUE,MOQUEGUA,GENERAL SANCHEZ CERRO,COALAQUE
1,17,170203,CHOJATA,MOQUEGUA,GENERAL SANCHEZ CERRO,CHOJATA
1,17,170204,ICHUÑA,MOQUEGUA,GENERAL SANCHEZ CERRO,ICHUÑA
1,17,170205,LA CAPILLA,MOQUEGUA,GENERAL SANCHEZ CERRO,LA CAPILLA
1,17,170206,LLOQUE,MOQUEGUA,GENERAL SANCHEZ CERRO,LLOQUE
1,17,170207,MATALAQUE,MOQUEGUA,GENERAL SANCHEZ CERRO,MATALAQUE
1,17,170208,PUQUINA,MOQUEGUA,GENERAL SANCHEZ CERRO,PUQUINA
1,17,170209,QUINISTAQUILLAS,MOQUEGUA,GENERAL SANCHEZ CERRO,QUINISTAQUILLAS
1,17,170210,UBINAS,MOQUEGUA,GENERAL SANCHEZ CERRO,UBINAS
1,17,170211,YUNGA,MOQUEGUA,GENERAL SANCHEZ CERRO,YUNGA
1,17,170301,ILO,MOQUEGUA,ILO,ILO
1,17,170302,EL ALGARROBAL,MOQUEGUA,ILO,EL ALGARROBAL
1,17,170303,PACOCHA,MOQUEGUA,ILO,PACOCHA
1,18,180101,CHAUPIMARCA,PASCO,PASCO,CHAUPIMARCA
1,18,180103,HUACHON,PASCO,PASCO,HUACHON
1,18,180104,HUARIACA,PASCO,PASCO,HUARIACA
1,18,180105,HUAYLLAY,PASCO,PASCO,HUAYLLAY
1,18,180106,NINACACA,PASCO,PASCO,NINACACA
1,18,180107,PALLANCHACRA,PASCO,PASCO,PALLANCHACRA
1,18,180108,PAUCARTAMBO,PASCO,PASCO,PAUCARTAMBO
1,18,180109,SAN FCO DE ASIS DE YARUSYACAN,PASCO,PASCO,SAN FCO DE ASIS DE YARUSYACAN
1,18,180110,SIMON BOLIVAR,PASCO,PASCO,SIMON BOLIVAR
1,18,180111,TICLACAYAN,PASCO,PASCO,TICLACAYAN
1,18,180112,TINYAHUARCO,PASCO,PASCO,TINYAHUARCO
1,18,180113,VICCO,PASCO,PASCO,VICCO
1,18,180114,YANACANCHA,PASCO,PASCO,YANACANCHA
1,18,180201,YANAHUANCA,PASCO,DANIEL ALCIDES CARRION,YANAHUANCA
1,18,180202,CHACAYAN,PASCO,DANIEL ALCIDES CARRION,CHACAYAN
1,18,180203,GOYLLARISQUIZGA,PASCO,DANIEL ALCIDES CARRION,GOYLLARISQUIZGA
1,18,180204,PAUCAR,PASCO,DANIEL ALCIDES CARRION,PAUCAR
1,18,180205,SAN PEDRO DE PILLAO,PASCO,DANIEL ALCIDES CARRION,SAN PEDRO DE PILLAO
1,18,180206,SANTA ANA DE TUSI,PASCO,DANIEL ALCIDES CARRION,SANTA ANA DE TUSI
1,18,180207,TAPUC,PASCO,DANIEL ALCIDES CARRION,TAPUC
1,18,180208,VILCABAMBA,PASCO,DANIEL ALCIDES CARRION,VILCABAMBA
1,18,180301,OXAPAMPA,PASCO,OXAPAMPA,OXAPAMPA
1,18,180302,CHONTABAMBA,PASCO,OXAPAMPA,CHONTABAMBA
1,18,180303,HUANCABAMBA,PASCO,OXAPAMPA,HUANCABAMBA
1,18,180304,PUERTO BERMUDEZ,PASCO,OXAPAMPA,PUERTO BERMUDEZ
1,18,180305,VILLA RICA,PASCO,OXAPAMPA,VILLA RICA
1,18,180306,POZUZO,PASCO,OXAPAMPA,POZUZO
1,18,180307,PALCAZU,PASCO,OXAPAMPA,PALCAZU
1,18,180308,CONSTITUCION,PASCO,OXAPAMPA,CONSTITUCION
1,19,190101,PIURA,PIURA,PIURA,PIURA
1,19,190103,CASTILLA,PIURA,PIURA,CASTILLA
1,19,190104,CATACAOS,PIURA,PIURA,CATACAOS
1,19,190105,LA ARENA,PIURA,PIURA,LA ARENA
1,19,190106,LA UNION,PIURA,PIURA,LA UNION
1,19,190107,LAS LOMAS,PIURA,PIURA,LAS LOMAS
1,19,190109,TAMBO GRANDE,PIURA,PIURA,TAMBO GRANDE
1,19,190113,CURA MORI,PIURA,PIURA,CURA MORI
1,19,190114,EL TALLAN,PIURA,PIURA,EL TALLAN
1,19,190115,VEINTISEIS DE OCTUBRE,PIURA,PIURA,VEINTISEIS DE OCTUBRE
1,19,190201,AYABACA,PIURA,AYABACA,AYABACA
1,19,190202,FRIAS,PIURA,AYABACA,FRIAS
1,19,190203,LAGUNAS,PIURA,AYABACA,LAGUNAS
1,19,190204,MONTERO,PIURA,AYABACA,MONTERO
1,19,190205,PACAIPAMPA,PIURA,AYABACA,PACAIPAMPA
1,19,190206,SAPILLICA,PIURA,AYABACA,SAPILLICA
1,19,190207,SICCHEZ,PIURA,AYABACA,SICCHEZ
1,19,190208,SUYO,PIURA,AYABACA,SUYO
1,19,190209,JILILI,PIURA,AYABACA,JILILI
1,19,190210,PAIMAS,PIURA,AYABACA,PAIMAS
1,19,190301,HUANCABAMBA,PIURA,HUANCABAMBA,HUANCABAMBA
1,19,190302,CANCHAQUE,PIURA,HUANCABAMBA,CANCHAQUE
1,19,190303,HUARMACA,PIURA,HUANCABAMBA,HUARMACA
1,19,190304,SONDOR,PIURA,HUANCABAMBA,SONDOR
1,19,190305,SONDORILLO,PIURA,HUANCABAMBA,SONDORILLO
1,19,190306,EL CARMEN DE LA FRONTERA,PIURA,HUANCABAMBA,EL CARMEN DE LA FRONTERA
1,19,190307,SAN MIGUEL DE EL FAIQUE,PIURA,HUANCABAMBA,SAN MIGUEL DE EL FAIQUE
1,19,190308,LALAQUIZ,PIURA,HUANCABAMBA,LALAQUIZ
1,19,190401,CHULUCANAS,PIURA,MORROPON,CHULUCANAS
1,19,190402,BUENOS AIRES,PIURA,MORROPON,BUENOS AIRES
1,19,190403,CHALACO,PIURA,MORROPON,CHALACO
1,19,190404,MORROPON,PIURA,MORROPON,MORROPON
1,19,190405,SALITRAL,PIURA,MORROPON,SALITRAL
1,19,190406,SANTA CATALINA DE MOSSA,PIURA,MORROPON,SANTA CATALINA DE MOSSA
1,19,190407,SANTO DOMINGO,PIURA,MORROPON,SANTO DOMINGO
1,19,190408,LA MATANZA,PIURA,MORROPON,LA MATANZA
1,19,190409,YAMANGO,PIURA,MORROPON,YAMANGO
1,19,190410,SAN JUAN DE BIGOTE,PIURA,MORROPON,SAN JUAN DE BIGOTE
1,19,190501,PAITA,PIURA,PAITA,PAITA
1,19,190502,AMOTAPE,PIURA,PAITA,AMOTAPE
1,19,190503,ARENAL,PIURA,PAITA,ARENAL
1,19,190504,LA HUACA,PIURA,PAITA,LA HUACA
1,19,190505,COLAN,PIURA,PAITA,COLAN
1,19,190506,TAMARINDO,PIURA,PAITA,TAMARINDO
1,19,190507,VICHAYAL,PIURA,PAITA,VICHAYAL
1,19,190601,SULLANA,PIURA,SULLANA,SULLANA
1,19,190602,BELLAVISTA,PIURA,SULLANA,BELLAVISTA
1,19,190603,LANCONES,PIURA,SULLANA,LANCONES
1,19,190604,MARCAVELICA,PIURA,SULLANA,MARCAVELICA
1,19,190605,MIGUEL CHECA,PIURA,SULLANA,MIGUEL CHECA
1,19,190606,QUERECOTILLO,PIURA,SULLANA,QUERECOTILLO
1,19,190607,SALITRAL,PIURA,SULLANA,SALITRAL
1,19,190608,IGNACIO ESCUDERO,PIURA,SULLANA,IGNACIO ESCUDERO
1,19,190701,PARIÑAS,PIURA,TALARA,PARIÑAS
1,19,190702,EL ALTO,PIURA,TALARA,EL ALTO
1,19,190703,LA BREA,PIURA,TALARA,LA BREA
1,19,190704,LOBITOS,PIURA,TALARA,LOBITOS
1,19,190705,MANCORA,PIURA,TALARA,MANCORA
1,19,190706,LOS ORGANOS,PIURA,TALARA,LOS ORGANOS
1,19,190801,SECHURA,PIURA,SECHURA,SECHURA
1,19,190802,VICE,PIURA,SECHURA,VICE
1,19,190803,BERNAL,PIURA,SECHURA,BERNAL
1,19,190804,BELLAVISTA DE LA UNION,PIURA,SECHURA,BELLAVISTA DE LA UNION
1,19,190805,CRISTO NOS VALGA,PIURA,SECHURA,CRISTO NOS VALGA
1,19,190806,RINCONADA-LLICUAR,PIURA,SECHURA,RINCONADA-LLICUAR
1,20,200101,PUNO,PUNO,PUNO,PUNO
1,20,200102,ACORA,PUNO,PUNO,ACORA
1,20,200103,ATUNCOLLA,PUNO,PUNO,ATUNCOLLA
1,20,200104,CAPACHICA,PUNO,PUNO,CAPACHICA
1,20,200105,COATA,PUNO,PUNO,COATA
1,20,200106,CHUCUITO,PUNO,PUNO,CHUCUITO
1,20,200107,HUATA,PUNO,PUNO,HUATA
1,20,200108,MAÑAZO,PUNO,PUNO,MAÑAZO
1,20,200109,PAUCARCOLLA,PUNO,PUNO,PAUCARCOLLA
1,20,200110,PICHACANI,PUNO,PUNO,PICHACANI
1,20,200111,SAN ANTONIO,PUNO,PUNO,SAN ANTONIO
1,20,200112,TIQUILLACA,PUNO,PUNO,TIQUILLACA
1,20,200113,VILQUE,PUNO,PUNO,VILQUE
1,20,200114,PLATERIA,PUNO,PUNO,PLATERIA
1,20,200115,AMANTANI,PUNO,PUNO,AMANTANI
1,20,200201,AZANGARO,PUNO,AZANGARO,AZANGARO
1,20,200202,ACHAYA,PUNO,AZANGARO,ACHAYA
1,20,200203,ARAPA,PUNO,AZANGARO,ARAPA
1,20,200204,ASILLO,PUNO,AZANGARO,ASILLO
1,20,200205,CAMINACA,PUNO,AZANGARO,CAMINACA
1,20,200206,CHUPA,PUNO,AZANGARO,CHUPA
1,20,200207,JOSE DOMINGO CHOQUEHUANCA,PUNO,AZANGARO,JOSE DOMINGO CHOQUEHUANCA
1,20,200208,MUÑANI,PUNO,AZANGARO,MUÑANI
1,20,200210,POTONI,PUNO,AZANGARO,POTONI
1,20,200212,SAMAN,PUNO,AZANGARO,SAMAN
1,20,200213,SAN ANTON,PUNO,AZANGARO,SAN ANTON
1,20,200214,SAN JOSE,PUNO,AZANGARO,SAN JOSE
1,20,200215,SAN JUAN DE SALINAS,PUNO,AZANGARO,SAN JUAN DE SALINAS
1,20,200216,SANTIAGO DE PUPUJA,PUNO,AZANGARO,SANTIAGO DE PUPUJA
1,20,200217,TIRAPATA,PUNO,AZANGARO,TIRAPATA
1,20,200301,MACUSANI,PUNO,CARABAYA,MACUSANI
1,20,200302,AJOYANI,PUNO,CARABAYA,AJOYANI
1,20,200303,AYAPATA,PUNO,CARABAYA,AYAPATA
1,20,200304,COASA,PUNO,CARABAYA,COASA
1,20,200305,CORANI,PUNO,CARABAYA,CORANI
1,20,200306,CRUCERO,PUNO,CARABAYA,CRUCERO
1,20,200307,ITUATA,PUNO,CARABAYA,ITUATA
1,20,200308,OLLACHEA,PUNO,CARABAYA,OLLACHEA
1,20,200309,SAN GABAN,PUNO,CARABAYA,SAN GABAN
1,20,200310,USICAYOS,PUNO,CARABAYA,USICAYOS
1,20,200401,JULI,PUNO,CHUCUITO,JULI
1,20,200402,DESAGUADERO,PUNO,CHUCUITO,DESAGUADERO
1,20,200403,HUACULLANI,PUNO,CHUCUITO,HUACULLANI
1,20,200406,PISACOMA,PUNO,CHUCUITO,PISACOMA
1,20,200407,POMATA,PUNO,CHUCUITO,POMATA
1,20,200410,ZEPITA,PUNO,CHUCUITO,ZEPITA
1,20,200412,KELLUYO,PUNO,CHUCUITO,KELLUYO
1,20,200501,HUANCANE,PUNO,HUANCANE,HUANCANE
1,20,200502,COJATA,PUNO,HUANCANE,COJATA
1,20,200504,INCHUPALLA,PUNO,HUANCANE,INCHUPALLA
1,20,200506,PUSI,PUNO,HUANCANE,PUSI
1,20,200507,ROSASPATA,PUNO,HUANCANE,ROSASPATA
1,20,200508,TARACO,PUNO,HUANCANE,TARACO
1,20,200509,VILQUE CHICO,PUNO,HUANCANE,VILQUE CHICO
1,20,200511,HUATASANI,PUNO,HUANCANE,HUATASANI
1,20,200601,LAMPA,PUNO,LAMPA,LAMPA
1,20,200602,CABANILLA,PUNO,LAMPA,CABANILLA
1,20,200603,CALAPUJA,PUNO,LAMPA,CALAPUJA
1,20,200604,NICASIO,PUNO,LAMPA,NICASIO
1,20,200605,OCUVIRI,PUNO,LAMPA,OCUVIRI
1,20,200606,PALCA,PUNO,LAMPA,PALCA
1,20,200607,PARATIA,PUNO,LAMPA,PARATIA
1,20,200608,PUCARA,PUNO,LAMPA,PUCARA
1,20,200609,SANTA LUCIA,PUNO,LAMPA,SANTA LUCIA
1,20,200610,VILAVILA,PUNO,LAMPA,VILAVILA
1,20,200701,AYAVIRI,PUNO,MELGAR,AYAVIRI
1,20,200702,ANTAUTA,PUNO,MELGAR,ANTAUTA
1,20,200703,CUPI,PUNO,MELGAR,CUPI
1,20,200704,LLALLI,PUNO,MELGAR,LLALLI
1,20,200705,MACARI,PUNO,MELGAR,MACARI
1,20,200706,NUÑOA,PUNO,MELGAR,NUÑOA
1,20,200707,ORURILLO,PUNO,MELGAR,ORURILLO
1,20,200708,SANTA ROSA,PUNO,MELGAR,SANTA ROSA
1,20,200709,UMACHIRI,PUNO,MELGAR,UMACHIRI
1,20,200801,SANDIA,PUNO,SANDIA,SANDIA
1,20,200803,CUYOCUYO,PUNO,SANDIA,CUYOCUYO
1,20,200804,LIMBANI,PUNO,SANDIA,LIMBANI
1,20,200805,PHARA,PUNO,SANDIA,PHARA
1,20,200806,PATAMBUCO,PUNO,SANDIA,PATAMBUCO
1,20,200807,QUIACA,PUNO,SANDIA,QUIACA
1,20,200808,SAN JUAN DEL ORO,PUNO,SANDIA,SAN JUAN DEL ORO
1,20,200810,YANAHUAYA,PUNO,SANDIA,YANAHUAYA
1,20,200811,ALTO INAMBARI,PUNO,SANDIA,ALTO INAMBARI
1,20,200812,SAN PEDRO DE PUTINA PUNCO,PUNO,SANDIA,SAN PEDRO DE PUTINA PUNCO
1,20,200901,JULIACA,PUNO,SAN ROMAN,JULIACA
1,20,200902,CABANA,PUNO,SAN ROMAN,CABANA
1,20,200903,CABANILLAS,PUNO,SAN ROMAN,CABANILLAS
1,20,200904,CARACOTO,PUNO,SAN ROMAN,CARACOTO
1,20,201001,YUNGUYO,PUNO,YUNGUYO,YUNGUYO
1,20,201002,UNICACHI,PUNO,YUNGUYO,UNICACHI
1,20,201003,ANAPIA,PUNO,YUNGUYO,ANAPIA
1,20,201004,COPANI,PUNO,YUNGUYO,COPANI
1,20,201005,CUTURAPI,PUNO,YUNGUYO,CUTURAPI
1,20,201006,OLLARAYA,PUNO,YUNGUYO,OLLARAYA
1,20,201007,TINICACHI,PUNO,YUNGUYO,TINICACHI
1,20,201101,PUTINA,PUNO,SAN ANTONIO DE PUTINA,PUTINA
1,20,201102,PEDRO VILCA APAZA,PUNO,SAN ANTONIO DE PUTINA,PEDRO VILCA APAZA
1,20,201103,QUILCAPUNCU,PUNO,SAN ANTONIO DE PUTINA,QUILCAPUNCU
1,20,201104,ANANEA,PUNO,SAN ANTONIO DE PUTINA,ANANEA
1,20,201105,SINA,PUNO,SAN ANTONIO DE PUTINA,SINA
1,20,201201,ILAVE,PUNO,EL COLLAO,ILAVE
1,20,201202,PILCUYO,PUNO,EL COLLAO,PILCUYO
1,20,201203,SANTA ROSA,PUNO,EL COLLAO,SANTA ROSA
1,20,201204,CAPASO,PUNO,EL COLLAO,CAPASO
1,20,201205,CONDURIRI,PUNO,EL COLLAO,CONDURIRI
1,20,201301,MOHO,PUNO,MOHO,MOHO
1,20,201302,CONIMA,PUNO,MOHO,CONIMA
1,20,201303,TILALI,PUNO,MOHO,TILALI
1,20,201304,HUAYRAPATA,PUNO,MOHO,HUAYRAPATA
1,21,210101,MOYOBAMBA,SAN MARTIN,MOYOBAMBA,MOYOBAMBA
1,21,210102,CALZADA,SAN MARTIN,MOYOBAMBA,CALZADA
1,21,210103,HABANA,SAN MARTIN,MOYOBAMBA,HABANA
1,21,210104,JEPELACIO,SAN MARTIN,MOYOBAMBA,JEPELACIO
1,21,210105,SORITOR,SAN MARTIN,MOYOBAMBA,SORITOR
1,21,210106,YANTALO,SAN MARTIN,MOYOBAMBA,YANTALO
1,21,210201,SAPOSOA,SAN MARTIN,HUALLAGA,SAPOSOA
1,21,210202,PISCOYACU,SAN MARTIN,HUALLAGA,PISCOYACU
1,21,210203,SACANCHE,SAN MARTIN,HUALLAGA,SACANCHE
1,21,210204,TINGO DE SAPOSOA,SAN MARTIN,HUALLAGA,TINGO DE SAPOSOA
1,21,210205,ALTO SAPOSOA,SAN MARTIN,HUALLAGA,ALTO SAPOSOA
1,21,210206,EL ESLABON,SAN MARTIN,HUALLAGA,EL ESLABON
1,21,210301,LAMAS,SAN MARTIN,LAMAS,LAMAS
1,21,210303,BARRANQUITA,SAN MARTIN,LAMAS,BARRANQUITA
1,21,210304,CAYNARACHI,SAN MARTIN,LAMAS,CAYNARACHI
1,21,210305,CUÑUMBUQUI,SAN MARTIN,LAMAS,CUÑUMBUQUI
1,21,210306,PINTO RECODO,SAN MARTIN,LAMAS,PINTO RECODO
1,21,210307,RUMISAPA,SAN MARTIN,LAMAS,RUMISAPA
1,21,210311,SHANAO,SAN MARTIN,LAMAS,SHANAO
1,21,210313,TABALOSOS,SAN MARTIN,LAMAS,TABALOSOS
1,21,210314,ZAPATERO,SAN MARTIN,LAMAS,ZAPATERO
1,21,210315,ALONSO DE ALVARADO,SAN MARTIN,LAMAS,ALONSO DE ALVARADO
1,21,210316,SAN ROQUE DE CUMBAZA,SAN MARTIN,LAMAS,SAN ROQUE DE CUMBAZA
1,21,210401,JUANJUI,SAN MARTIN,MARISCAL CACERES,JUANJUI
1,21,210402,CAMPANILLA,SAN MARTIN,MARISCAL CACERES,CAMPANILLA
1,21,210403,HUICUNGO,SAN MARTIN,MARISCAL CACERES,HUICUNGO
1,21,210404,PACHIZA,SAN MARTIN,MARISCAL CACERES,PACHIZA
1,21,210405,PAJARILLO,SAN MARTIN,MARISCAL CACERES,PAJARILLO
1,21,210501,RIOJA,SAN MARTIN,RIOJA,RIOJA
1,21,210502,POSIC,SAN MARTIN,RIOJA,POSIC
1,21,210503,YORONGOS,SAN MARTIN,RIOJA,YORONGOS
1,21,210504,YURACYACU,SAN MARTIN,RIOJA,YURACYACU
1,21,210505,NUEVA CAJAMARCA,SAN MARTIN,RIOJA,NUEVA CAJAMARCA
1,21,210506,ELIAS SOPLIN VARGAS,SAN MARTIN,RIOJA,ELIAS SOPLIN VARGAS
1,21,210507,SAN FERNANDO,SAN MARTIN,RIOJA,SAN FERNANDO
1,21,210508,PARDO MIGUEL,SAN MARTIN,RIOJA,PARDO MIGUEL
1,21,210509,AWAJUN,SAN MARTIN,RIOJA,AWAJUN
1,21,210601,TARAPOTO,SAN MARTIN,SAN MARTIN,TARAPOTO
1,21,210602,ALBERTO LEVEAU,SAN MARTIN,SAN MARTIN,ALBERTO LEVEAU
1,21,210604,CACATACHI,SAN MARTIN,SAN MARTIN,CACATACHI
1,21,210606,CHAZUTA,SAN MARTIN,SAN MARTIN,CHAZUTA
1,21,210607,CHIPURANA,SAN MARTIN,SAN MARTIN,CHIPURANA
1,21,210608,EL PORVENIR,SAN MARTIN,SAN MARTIN,EL PORVENIR
1,21,210609,HUIMBAYOC,SAN MARTIN,SAN MARTIN,HUIMBAYOC
1,21,210610,JUAN GUERRA,SAN MARTIN,SAN MARTIN,JUAN GUERRA
1,21,210611,MORALES,SAN MARTIN,SAN MARTIN,MORALES
1,21,210612,PAPAPLAYA,SAN MARTIN,SAN MARTIN,PAPAPLAYA
1,21,210616,SAN ANTONIO,SAN MARTIN,SAN MARTIN,SAN ANTONIO
1,21,210619,SAUCE,SAN MARTIN,SAN MARTIN,SAUCE
1,21,210620,SHAPAJA,SAN MARTIN,SAN MARTIN,SHAPAJA
1,21,210621,LA BANDA DE SHILCAYO,SAN MARTIN,SAN MARTIN,LA BANDA DE SHILCAYO
1,21,210701,BELLAVISTA,SAN MARTIN,BELLAVISTA,BELLAVISTA
1,21,210702,SAN RAFAEL,SAN MARTIN,BELLAVISTA,SAN RAFAEL
1,21,210703,SAN PABLO,SAN MARTIN,BELLAVISTA,SAN PABLO
1,21,210704,ALTO BIAVO,SAN MARTIN,BELLAVISTA,ALTO BIAVO
1,21,210705,HUALLAGA,SAN MARTIN,BELLAVISTA,HUALLAGA
1,21,210706,BAJO BIAVO,SAN MARTIN,BELLAVISTA,BAJO BIAVO
1,21,210801,TOCACHE,SAN MARTIN,TOCACHE,TOCACHE
1,21,210802,NUEVO PROGRESO,SAN MARTIN,TOCACHE,NUEVO PROGRESO
1,21,210803,POLVORA,SAN MARTIN,TOCACHE,POLVORA
1,21,210804,SHUNTE,SAN MARTIN,TOCACHE,SHUNTE
1,21,210805,UCHIZA,SAN MARTIN,TOCACHE,UCHIZA
1,21,210901,PICOTA,SAN MARTIN,PICOTA,PICOTA
1,21,210902,BUENOS AIRES,SAN MARTIN,PICOTA,BUENOS AIRES
1,21,210903,CASPIZAPA,SAN MARTIN,PICOTA,CASPIZAPA
1,21,210904,PILLUANA,SAN MARTIN,PICOTA,PILLUANA
1,21,210905,PUCACACA,SAN MARTIN,PICOTA,PUCACACA
1,21,210906,SAN CRISTOBAL,SAN MARTIN,PICOTA,SAN CRISTOBAL
1,21,210907,SAN HILARION,SAN MARTIN,PICOTA,SAN HILARION
1,21,210908,TINGO DE PONASA,SAN MARTIN,PICOTA,TINGO DE PONASA
1,21,210909,TRES UNIDOS,SAN MARTIN,PICOTA,TRES UNIDOS
1,21,210910,SHAMBOYACU,SAN MARTIN,PICOTA,SHAMBOYACU
1,21,211001,SAN JOSE DE SISA,SAN MARTIN,EL DORADO,SAN JOSE DE SISA
1,21,211002,AGUA BLANCA,SAN MARTIN,EL DORADO,AGUA BLANCA
1,21,211003,SHATOJA,SAN MARTIN,EL DORADO,SHATOJA
1,21,211004,SAN MARTIN,SAN MARTIN,EL DORADO,SAN MARTIN
1,21,211005,SANTA ROSA,SAN MARTIN,EL DORADO,SANTA ROSA
1,22,220101,TACNA,TACNA,TACNA,TACNA
1,22,220102,CALANA,TACNA,TACNA,CALANA
1,22,220104,INCLAN,TACNA,TACNA,INCLAN
1,22,220107,PACHIA,TACNA,TACNA,PACHIA
1,22,220108,PALCA,TACNA,TACNA,PALCA
1,22,220109,POCOLLAY,TACNA,TACNA,POCOLLAY
1,22,220110,SAMA,TACNA,TACNA,SAMA
1,22,220111,ALTO DE LA ALIANZA,TACNA,TACNA,ALTO DE LA ALIANZA
1,22,220112,CIUDAD NUEVA,TACNA,TACNA,CIUDAD NUEVA
1,22,220113,CORONEL GREGORIO ALBARRACIN L.,TACNA,TACNA,CORONEL GREGORIO ALBARRACIN L.
1,22,220201,TARATA,TACNA,TARATA,TARATA
1,22,220205,HEROES ALBARRACIN,TACNA,TARATA,HEROES ALBARRACIN
1,22,220206,ESTIQUE,TACNA,TARATA,ESTIQUE
1,22,220207,ESTIQUE PAMPA,TACNA,TARATA,ESTIQUE PAMPA
1,22,220210,SITAJARA,TACNA,TARATA,SITAJARA
1,22,220211,SUSAPAYA,TACNA,TARATA,SUSAPAYA
1,22,220212,TARUCACHI,TACNA,TARATA,TARUCACHI
1,22,220213,TICACO,TACNA,TARATA,TICACO
1,22,220301,LOCUMBA,TACNA,JORGE BASADRE,LOCUMBA
1,22,220302,ITE,TACNA,JORGE BASADRE,ITE
1,22,220303,ILABAYA,TACNA,JORGE BASADRE,ILABAYA
1,22,220401,CANDARAVE,TACNA,CANDARAVE,CANDARAVE
1,22,220402,CAIRANI,TACNA,CANDARAVE,CAIRANI
1,22,220403,CURIBAYA,TACNA,CANDARAVE,CURIBAYA
1,22,220404,HUANUARA,TACNA,CANDARAVE,HUANUARA
1,22,220405,QUILAHUANI,TACNA,CANDARAVE,QUILAHUANI
1,22,220406,CAMILACA,TACNA,CANDARAVE,CAMILACA
1,23,230101,TUMBES,TUMBES,TUMBES,TUMBES
1,23,230102,CORRALES,TUMBES,TUMBES,CORRALES
1,23,230103,LA CRUZ,TUMBES,TUMBES,LA CRUZ
1,23,230104,PAMPAS DE HOSPITAL,TUMBES,TUMBES,PAMPAS DE HOSPITAL
1,23,230105,SAN JACINTO,TUMBES,TUMBES,SAN JACINTO
1,23,230106,SAN JUAN DE LA VIRGEN,TUMBES,TUMBES,SAN JUAN DE LA VIRGEN
1,23,230201,ZORRITOS,TUMBES,CONTRALMIRANTE VILLAR,ZORRITOS
1,23,230202,CASITAS,TUMBES,CONTRALMIRANTE VILLAR,CASITAS
1,23,230203,CANOAS DE PUNTA SAL,TUMBES,CONTRALMIRANTE VILLAR,CANOAS DE PUNTA SAL
1,23,230301,ZARUMILLA,TUMBES,ZARUMILLA,ZARUMILLA
1,23,230302,MATAPALO,TUMBES,ZARUMILLA,MATAPALO
1,23,230303,PAPAYAL,TUMBES,ZARUMILLA,PAPAYAL
1,23,230304,AGUAS VERDES,TUMBES,ZARUMILLA,AGUAS VERDES
1,24,240101,CALLAO,CALLAO,CALLAO,CALLAO
1,24,240102,BELLAVISTA,CALLAO,CALLAO,BELLAVISTA
1,24,240103,LA PUNTA,CALLAO,CALLAO,LA PUNTA
1,24,240104,CARMEN DE LA LEGUA-REYNOSO,CALLAO,CALLAO,CARMEN DE LA LEGUA-REYNOSO
1,24,240105,LA PERLA,CALLAO,CALLAO,LA PERLA
1,24,240106,VENTANILLA,CALLAO,CALLAO,VENTANILLA
1,25,250101,CALLERIA,UCAYALI,CORONEL PORTILLO,CALLERIA
1,25,250102,YARINACOCHA,UCAYALI,CORONEL PORTILLO,YARINACOCHA
1,25,250103,MASISEA,UCAYALI,CORONEL PORTILLO,MASISEA
1,25,250104,CAMPOVERDE,UCAYALI,CORONEL PORTILLO,CAMPOVERDE
1,25,250105,IPARIA,UCAYALI,CORONEL PORTILLO,IPARIA
1,25,250106,NUEVA REQUENA,UCAYALI,CORONEL PORTILLO,NUEVA REQUENA
1,25,250107,MANANTAY,UCAYALI,CORONEL PORTILLO,MANANTAY
1,25,250201,PADRE ABAD,UCAYALI,PADRE ABAD,PADRE ABAD
1,25,250202,IRAZOLA,UCAYALI,PADRE ABAD,IRAZOLA
1,25,250203,CURIMANA,UCAYALI,PADRE ABAD,CURIMANA
1,25,250301,RAIMONDI,UCAYALI,ATALAYA,RAIMONDI
1,25,250302,TAHUANIA,UCAYALI,ATALAYA,TAHUANIA
1,25,250303,YURUA,UCAYALI,ATALAYA,YURUA
1,25,250304,SEPAHUA,UCAYALI,ATALAYA,SEPAHUA
1,25,250401,PURUS,UCAYALI,PURUS,PURUS